Time,Albedo
12-Sep-2014 00:00:00,NaN
13-Sep-2014 00:00:00,0.753021850747767
14-Sep-2014 00:00:00,0.604579939202847
15-Sep-2014 00:00:00,0.477195826233678
16-Sep-2014 00:00:00,0.368135244611364
17-Sep-2014 00:00:00,0.318194439875817
18-Sep-2014 00:00:00,0.290720382177324
19-Sep-2014 00:00:00,0.328178996866545
20-Sep-2014 00:00:00,0.372609175251852
21-Sep-2014 00:00:00,0.353812193941216
22-Sep-2014 00:00:00,0.295265279949128
23-Sep-2014 00:00:00,0.295074280327774
24-Sep-2014 00:00:00,0.334105492533046
25-Sep-2014 00:00:00,0.335579989035867
26-Sep-2014 00:00:00,0.337818469428167
27-Sep-2014 00:00:00,0.457718317201158
28-Sep-2014 00:00:00,0.481360159544314
29-Sep-2014 00:00:00,0.373613741487458
30-Sep-2014 00:00:00,0.658586405764225
01-Oct-2014 00:00:00,0.597269669348359
02-Oct-2014 00:00:00,0.695517371712102
03-Oct-2014 00:00:00,0.57787064542867
04-Oct-2014 00:00:00,0.355172495029413
05-Oct-2014 00:00:00,0.402944827216083
06-Oct-2014 00:00:00,0.331671309207231
07-Oct-2014 00:00:00,0.380540180065194
08-Oct-2014 00:00:00,0.414564368537457
09-Oct-2014 00:00:00,0.436648939701037
10-Oct-2014 00:00:00,0.517645141537363
11-Oct-2014 00:00:00,0.668908889337876
12-Oct-2014 00:00:00,0.639926910159426
13-Oct-2014 00:00:00,0.573082066393698
14-Oct-2014 00:00:00,0.74363572881181
15-Oct-2014 00:00:00,0.83928273857436
16-Oct-2014 00:00:00,0.762066341128548
17-Oct-2014 00:00:00,0.712155750210499
18-Oct-2014 00:00:00,0.717972378662038
19-Oct-2014 00:00:00,0.456926029192349
20-Oct-2014 00:00:00,0.427399559756987
21-Oct-2014 00:00:00,0.584659347121449
22-Oct-2014 00:00:00,0.511095866466771
23-Oct-2014 00:00:00,0.668042000618661
24-Oct-2014 00:00:00,0.690241821145173
25-Oct-2014 00:00:00,0.684520783547768
26-Oct-2014 00:00:00,0.852438452438966
27-Oct-2014 00:00:00,0.944419841078486
28-Oct-2014 00:00:00,0.823628245493622
29-Oct-2014 00:00:00,0.837969122913146
30-Oct-2014 00:00:00,0.822572007882444
31-Oct-2014 00:00:00,0.663399641449123
01-Nov-2014 00:00:00,0.867428643953146
02-Nov-2014 00:00:00,0.976593811040321
03-Nov-2014 00:00:00,0.844698206040804
04-Nov-2014 00:00:00,0.797613772566222
05-Nov-2014 00:00:00,0.783275880626857
06-Nov-2014 00:00:00,0.843208198540552
07-Nov-2014 00:00:00,0.888066201241033
08-Nov-2014 00:00:00,0.797898443149568
09-Nov-2014 00:00:00,0.908789580602031
10-Nov-2014 00:00:00,0.808320818526134
11-Nov-2014 00:00:00,0.940038191869991
12-Nov-2014 00:00:00,0.927963254904007
13-Nov-2014 00:00:00,0.935362909581714
14-Nov-2014 00:00:00,0.931771695135662
15-Nov-2014 00:00:00,0.808404931425871
16-Nov-2014 00:00:00,0.785909475844853
17-Nov-2014 00:00:00,0.952442107582982
18-Nov-2014 00:00:00,0.89190883118827
19-Nov-2014 00:00:00,0.864802486627458
20-Nov-2014 00:00:00,0.794702850241642
21-Nov-2014 00:00:00,0.760020683148479
22-Nov-2014 00:00:00,0.790314739496558
23-Nov-2014 00:00:00,0.781414423651207
24-Nov-2014 00:00:00,0.763770944348987
25-Nov-2014 00:00:00,0.707468247154361
26-Nov-2014 00:00:00,0.831552395364557
27-Nov-2014 00:00:00,0.821221572729363
28-Nov-2014 00:00:00,NaN
29-Nov-2014 00:00:00,NaN
30-Nov-2014 00:00:00,NaN
01-Dec-2014 00:00:00,NaN
02-Dec-2014 00:00:00,NaN
03-Dec-2014 00:00:00,NaN
04-Dec-2014 00:00:00,NaN
05-Dec-2014 00:00:00,NaN
06-Dec-2014 00:00:00,NaN
07-Dec-2014 00:00:00,NaN
08-Dec-2014 00:00:00,NaN
09-Dec-2014 00:00:00,NaN
10-Dec-2014 00:00:00,NaN
11-Dec-2014 00:00:00,NaN
12-Dec-2014 00:00:00,NaN
13-Dec-2014 00:00:00,NaN
14-Dec-2014 00:00:00,NaN
15-Dec-2014 00:00:00,NaN
16-Dec-2014 00:00:00,NaN
17-Dec-2014 00:00:00,NaN
18-Dec-2014 00:00:00,NaN
19-Dec-2014 00:00:00,NaN
20-Dec-2014 00:00:00,NaN
21-Dec-2014 00:00:00,NaN
22-Dec-2014 00:00:00,NaN
23-Dec-2014 00:00:00,NaN
24-Dec-2014 00:00:00,NaN
25-Dec-2014 00:00:00,NaN
26-Dec-2014 00:00:00,NaN
27-Dec-2014 00:00:00,NaN
28-Dec-2014 00:00:00,NaN
29-Dec-2014 00:00:00,NaN
30-Dec-2014 00:00:00,0.816598749623191
31-Dec-2014 00:00:00,NaN
01-Jan-2015 00:00:00,NaN
02-Jan-2015 00:00:00,NaN
03-Jan-2015 00:00:00,NaN
04-Jan-2015 00:00:00,NaN
05-Jan-2015 00:00:00,NaN
06-Jan-2015 00:00:00,NaN
07-Jan-2015 00:00:00,NaN
08-Jan-2015 00:00:00,NaN
09-Jan-2015 00:00:00,NaN
10-Jan-2015 00:00:00,NaN
11-Jan-2015 00:00:00,NaN
12-Jan-2015 00:00:00,NaN
13-Jan-2015 00:00:00,NaN
14-Jan-2015 00:00:00,NaN
15-Jan-2015 00:00:00,NaN
16-Jan-2015 00:00:00,NaN
17-Jan-2015 00:00:00,NaN
18-Jan-2015 00:00:00,NaN
19-Jan-2015 00:00:00,NaN
20-Jan-2015 00:00:00,NaN
21-Jan-2015 00:00:00,NaN
22-Jan-2015 00:00:00,NaN
23-Jan-2015 00:00:00,NaN
24-Jan-2015 00:00:00,NaN
25-Jan-2015 00:00:00,NaN
26-Jan-2015 00:00:00,NaN
27-Jan-2015 00:00:00,NaN
28-Jan-2015 00:00:00,NaN
29-Jan-2015 00:00:00,NaN
30-Jan-2015 00:00:00,NaN
31-Jan-2015 00:00:00,NaN
01-Feb-2015 00:00:00,0.820030265953723
02-Feb-2015 00:00:00,0.688802074896466
03-Feb-2015 00:00:00,0.745908133456368
04-Feb-2015 00:00:00,0.720006051162306
05-Feb-2015 00:00:00,NaN
06-Feb-2015 00:00:00,NaN
07-Feb-2015 00:00:00,NaN
08-Feb-2015 00:00:00,NaN
09-Feb-2015 00:00:00,NaN
10-Feb-2015 00:00:00,NaN
11-Feb-2015 00:00:00,NaN
12-Feb-2015 00:00:00,NaN
13-Feb-2015 00:00:00,NaN
14-Feb-2015 00:00:00,NaN
15-Feb-2015 00:00:00,0.888616227878704
16-Feb-2015 00:00:00,0.883753034702297
17-Feb-2015 00:00:00,0.840677953701785
18-Feb-2015 00:00:00,0.840141621664291
19-Feb-2015 00:00:00,0.834990190658995
20-Feb-2015 00:00:00,0.911761373790314
21-Feb-2015 00:00:00,0.87365108988406
22-Feb-2015 00:00:00,0.850171145241444
23-Feb-2015 00:00:00,0.864872388572246
24-Feb-2015 00:00:00,0.831412763395805
25-Feb-2015 00:00:00,0.872426393987196
26-Feb-2015 00:00:00,0.872316570022111
27-Feb-2015 00:00:00,NaN
28-Feb-2015 00:00:00,0.833503407926007
01-Mar-2015 00:00:00,0.841365882891656
02-Mar-2015 00:00:00,0.831035725201511
03-Mar-2015 00:00:00,0.863283573506887
04-Mar-2015 00:00:00,0.829732986246337
05-Mar-2015 00:00:00,0.826715811113232
06-Mar-2015 00:00:00,0.800429281798229
07-Mar-2015 00:00:00,0.831747930337463
08-Mar-2015 00:00:00,0.874610105993232
09-Mar-2015 00:00:00,0.860185329276274
10-Mar-2015 00:00:00,0.812124123277355
11-Mar-2015 00:00:00,0.80613923079645
12-Mar-2015 00:00:00,0.849842656214975
13-Mar-2015 00:00:00,0.804003666895968
14-Mar-2015 00:00:00,0.843884617517049
15-Mar-2015 00:00:00,0.855011202420337
16-Mar-2015 00:00:00,0.870625734869401
17-Mar-2015 00:00:00,0.862473297446183
18-Mar-2015 00:00:00,0.836836622617687
19-Mar-2015 00:00:00,0.863103848636327
20-Mar-2015 00:00:00,0.848886113192849
21-Mar-2015 00:00:00,0.849899165271261
22-Mar-2015 00:00:00,0.849219534122611
23-Mar-2015 00:00:00,0.850744228950978
24-Mar-2015 00:00:00,0.842867311997082
25-Mar-2015 00:00:00,0.831784562004113
26-Mar-2015 00:00:00,0.841375614129452
27-Mar-2015 00:00:00,0.81374872732266
28-Mar-2015 00:00:00,0.868382249177131
29-Mar-2015 00:00:00,0.849022466753222
30-Mar-2015 00:00:00,0.843796258010671
31-Mar-2015 00:00:00,0.900947266174824
01-Apr-2015 00:00:00,0.830097136128487
02-Apr-2015 00:00:00,0.818552520752878
03-Apr-2015 00:00:00,0.796967492900767
04-Apr-2015 00:00:00,0.80155889973434
05-Apr-2015 00:00:00,0.92380099790056
06-Apr-2015 00:00:00,0.748048333778936
07-Apr-2015 00:00:00,0.800337969962141
08-Apr-2015 00:00:00,0.794918286017965
09-Apr-2015 00:00:00,0.794462436366733
10-Apr-2015 00:00:00,0.837582322449777
11-Apr-2015 00:00:00,0.856208727124676
12-Apr-2015 00:00:00,0.885428557281318
13-Apr-2015 00:00:00,0.844460996062143
14-Apr-2015 00:00:00,0.903573460285748
15-Apr-2015 00:00:00,0.825996619426161
16-Apr-2015 00:00:00,0.806223525996557
17-Apr-2015 00:00:00,0.871774425762077
18-Apr-2015 00:00:00,0.800855544168021
19-Apr-2015 00:00:00,0.796300689677962
20-Apr-2015 00:00:00,0.805005509871055
21-Apr-2015 00:00:00,0.743499868044964
22-Apr-2015 00:00:00,0.835410411022866
23-Apr-2015 00:00:00,0.762940186422281
24-Apr-2015 00:00:00,0.854985606880354
25-Apr-2015 00:00:00,0.819084413216095
26-Apr-2015 00:00:00,0.790032080096664
27-Apr-2015 00:00:00,0.774738691891651
28-Apr-2015 00:00:00,0.702750210453811
29-Apr-2015 00:00:00,0.840144691880521
30-Apr-2015 00:00:00,0.879138871189391
01-May-2015 00:00:00,0.884626521502044
02-May-2015 00:00:00,0.846107588504589
03-May-2015 00:00:00,0.788683354934901
04-May-2015 00:00:00,0.793205984409742
05-May-2015 00:00:00,0.899189561623944
06-May-2015 00:00:00,0.913225633929545
07-May-2015 00:00:00,0.823730858587801
08-May-2015 00:00:00,0.803462573370181
09-May-2015 00:00:00,0.766699074930548
10-May-2015 00:00:00,0.749318420953724
11-May-2015 00:00:00,0.707541241654499
12-May-2015 00:00:00,0.700742356441109
13-May-2015 00:00:00,0.680760272151444
14-May-2015 00:00:00,0.70422694836914
15-May-2015 00:00:00,NaN
16-May-2015 00:00:00,NaN
17-May-2015 00:00:00,NaN
18-May-2015 00:00:00,NaN
19-May-2015 00:00:00,NaN
20-May-2015 00:00:00,NaN
21-May-2015 00:00:00,NaN
22-May-2015 00:00:00,NaN
23-May-2015 00:00:00,NaN
24-May-2015 00:00:00,NaN
25-May-2015 00:00:00,NaN
26-May-2015 00:00:00,NaN
27-May-2015 00:00:00,NaN
28-May-2015 00:00:00,NaN
29-May-2015 00:00:00,NaN
30-May-2015 00:00:00,NaN
31-May-2015 00:00:00,NaN
01-Jun-2015 00:00:00,NaN
02-Jun-2015 00:00:00,NaN
03-Jun-2015 00:00:00,NaN
04-Jun-2015 00:00:00,NaN
05-Jun-2015 00:00:00,NaN
06-Jun-2015 00:00:00,NaN
07-Jun-2015 00:00:00,NaN
08-Jun-2015 00:00:00,NaN
09-Jun-2015 00:00:00,NaN
10-Jun-2015 00:00:00,NaN
11-Jun-2015 00:00:00,NaN
12-Jun-2015 00:00:00,NaN
13-Jun-2015 00:00:00,NaN
14-Jun-2015 00:00:00,NaN
15-Jun-2015 00:00:00,NaN
16-Jun-2015 00:00:00,NaN
17-Jun-2015 00:00:00,NaN
18-Jun-2015 00:00:00,NaN
19-Jun-2015 00:00:00,NaN
20-Jun-2015 00:00:00,NaN
21-Jun-2015 00:00:00,NaN
22-Jun-2015 00:00:00,NaN
23-Jun-2015 00:00:00,NaN
24-Jun-2015 00:00:00,NaN
25-Jun-2015 00:00:00,NaN
26-Jun-2015 00:00:00,NaN
27-Jun-2015 00:00:00,NaN
28-Jun-2015 00:00:00,NaN
29-Jun-2015 00:00:00,NaN
30-Jun-2015 00:00:00,NaN
01-Jul-2015 00:00:00,NaN
02-Jul-2015 00:00:00,NaN
03-Jul-2015 00:00:00,NaN
04-Jul-2015 00:00:00,NaN
05-Jul-2015 00:00:00,NaN
06-Jul-2015 00:00:00,NaN
07-Jul-2015 00:00:00,NaN
08-Jul-2015 00:00:00,NaN
09-Jul-2015 00:00:00,NaN
10-Jul-2015 00:00:00,NaN
11-Jul-2015 00:00:00,NaN
12-Jul-2015 00:00:00,NaN
13-Jul-2015 00:00:00,NaN
14-Jul-2015 00:00:00,0.311645292674277
15-Jul-2015 00:00:00,0.308884326285328
16-Jul-2015 00:00:00,0.463899872936585
17-Jul-2015 00:00:00,0.321048943892074
18-Jul-2015 00:00:00,0.313591637403782
19-Jul-2015 00:00:00,0.281527305258288
20-Jul-2015 00:00:00,0.26823542552591
21-Jul-2015 00:00:00,0.301387338646778
22-Jul-2015 00:00:00,0.310878650597206
23-Jul-2015 00:00:00,0.321079027434535
24-Jul-2015 00:00:00,0.293431270212453
25-Jul-2015 00:00:00,0.312690866163698
26-Jul-2015 00:00:00,0.329917723673692
27-Jul-2015 00:00:00,0.353395855428515
28-Jul-2015 00:00:00,0.366009733995168
29-Jul-2015 00:00:00,0.284762361531905
30-Jul-2015 00:00:00,0.280720674653172
31-Jul-2015 00:00:00,0.266579615583736
01-Aug-2015 00:00:00,0.267073241987752
02-Aug-2015 00:00:00,0.262955059165349
03-Aug-2015 00:00:00,0.264270292859877
04-Aug-2015 00:00:00,0.273827954025652
05-Aug-2015 00:00:00,0.274302030577506
06-Aug-2015 00:00:00,0.329511767171787
07-Aug-2015 00:00:00,0.287620849981953
08-Aug-2015 00:00:00,0.267708010566262
09-Aug-2015 00:00:00,0.274261670252109
10-Aug-2015 00:00:00,0.267425101685313
11-Aug-2015 00:00:00,0.265973284844053
12-Aug-2015 00:00:00,0.244075203837774
13-Aug-2015 00:00:00,0.244809399347604
14-Aug-2015 00:00:00,0.262358000499784
15-Aug-2015 00:00:00,0.274104559947426
16-Aug-2015 00:00:00,0.299865356342773
17-Aug-2015 00:00:00,0.313267953111018
18-Aug-2015 00:00:00,0.302876941133768
19-Aug-2015 00:00:00,0.274469099071558
20-Aug-2015 00:00:00,0.299198905701495
21-Aug-2015 00:00:00,0.937282061161765
22-Aug-2015 00:00:00,0.792579597764104
23-Aug-2015 00:00:00,0.506624549719819
24-Aug-2015 00:00:00,0.267671760883185
25-Aug-2015 00:00:00,0.262165302584839
26-Aug-2015 00:00:00,0.261050510521051
27-Aug-2015 00:00:00,0.251111983536992
28-Aug-2015 00:00:00,0.280719834534902
29-Aug-2015 00:00:00,0.263426825593077
30-Aug-2015 00:00:00,0.29797382421046
31-Aug-2015 00:00:00,0.404760910997325
01-Sep-2015 00:00:00,0.784949562806339
02-Sep-2015 00:00:00,0.855163850322741
03-Sep-2015 00:00:00,0.78057846894113
04-Sep-2015 00:00:00,0.825557439239618
05-Sep-2015 00:00:00,0.77052291617574
06-Sep-2015 00:00:00,0.740903873259503
07-Sep-2015 00:00:00,0.684439364274322
08-Sep-2015 00:00:00,0.598731260388001
09-Sep-2015 00:00:00,0.423451800060015
10-Sep-2015 00:00:00,0.304873264118292
11-Sep-2015 00:00:00,0.340091773506708
12-Sep-2015 00:00:00,0.273043667045822
13-Sep-2015 00:00:00,0.285879110052138
14-Sep-2015 00:00:00,0.770185842311462
15-Sep-2015 00:00:00,NaN
16-Sep-2015 00:00:00,0.753411774784098
17-Sep-2015 00:00:00,0.751420467968077
18-Sep-2015 00:00:00,NaN
19-Sep-2015 00:00:00,NaN
20-Sep-2015 00:00:00,NaN
21-Sep-2015 00:00:00,NaN
22-Sep-2015 00:00:00,NaN
23-Sep-2015 00:00:00,NaN
24-Sep-2015 00:00:00,NaN
25-Sep-2015 00:00:00,NaN
26-Sep-2015 00:00:00,NaN
27-Sep-2015 00:00:00,NaN
28-Sep-2015 00:00:00,NaN
29-Sep-2015 00:00:00,NaN
30-Sep-2015 00:00:00,NaN
01-Oct-2015 00:00:00,NaN
02-Oct-2015 00:00:00,NaN
03-Oct-2015 00:00:00,NaN
04-Oct-2015 00:00:00,NaN
05-Oct-2015 00:00:00,NaN
06-Oct-2015 00:00:00,NaN
07-Oct-2015 00:00:00,NaN
08-Oct-2015 00:00:00,NaN
09-Oct-2015 00:00:00,NaN
10-Oct-2015 00:00:00,0.367862169707698
11-Oct-2015 00:00:00,0.600468664788678
12-Oct-2015 00:00:00,0.594534477318331
13-Oct-2015 00:00:00,0.612540292680831
14-Oct-2015 00:00:00,0.625484110275943
15-Oct-2015 00:00:00,0.583497287074591
16-Oct-2015 00:00:00,0.554074218635507
17-Oct-2015 00:00:00,0.563983607571854
18-Oct-2015 00:00:00,0.317573088371222
19-Oct-2015 00:00:00,0.31453170184128
20-Oct-2015 00:00:00,0.482566090570738
21-Oct-2015 00:00:00,0.344381558632077
22-Oct-2015 00:00:00,0.647958842448391
23-Oct-2015 00:00:00,0.56043043345715
24-Oct-2015 00:00:00,0.739398183118574
25-Oct-2015 00:00:00,0.596740666485861
26-Oct-2015 00:00:00,0.624453976263654
27-Oct-2015 00:00:00,0.863707857343714
28-Oct-2015 00:00:00,0.792895753643679
29-Oct-2015 00:00:00,0.567782722740289
30-Oct-2015 00:00:00,0.578773947534328
31-Oct-2015 00:00:00,0.613530403402541
01-Nov-2015 00:00:00,0.663250776890065
02-Nov-2015 00:00:00,0.721603617770752
03-Nov-2015 00:00:00,0.881308335373789
04-Nov-2015 00:00:00,0.821450605008399
05-Nov-2015 00:00:00,0.584046898673043
06-Nov-2015 00:00:00,0.554596576448886
07-Nov-2015 00:00:00,0.553752062118352
08-Nov-2015 00:00:00,0.853258081742594
09-Nov-2015 00:00:00,0.91844288379695
10-Nov-2015 00:00:00,0.813948620224121
11-Nov-2015 00:00:00,0.648310054259825
12-Nov-2015 00:00:00,0.527147423647834
13-Nov-2015 00:00:00,NaN
14-Nov-2015 00:00:00,NaN
15-Nov-2015 00:00:00,NaN
16-Nov-2015 00:00:00,NaN
17-Nov-2015 00:00:00,0.865128499487607
18-Nov-2015 00:00:00,0.910085642605577
19-Nov-2015 00:00:00,0.822705687482216
20-Nov-2015 00:00:00,0.930173413702168
21-Nov-2015 00:00:00,0.687665885458128
22-Nov-2015 00:00:00,0.688230309412613
23-Nov-2015 00:00:00,0.574625168262438
24-Nov-2015 00:00:00,0.80621501329842
25-Nov-2015 00:00:00,0.879265439229916
26-Nov-2015 00:00:00,0.846212872024808
27-Nov-2015 00:00:00,0.876272024195619
28-Nov-2015 00:00:00,0.90547873342501
29-Nov-2015 00:00:00,0.896436600193525
30-Nov-2015 00:00:00,0.878637541375673
01-Dec-2015 00:00:00,0.579595240467986
02-Dec-2015 00:00:00,0.621932264490107
03-Dec-2015 00:00:00,0.519386360613813
04-Dec-2015 00:00:00,0.830450938839562
05-Dec-2015 00:00:00,0.785040433845232
06-Dec-2015 00:00:00,0.807858312600243
07-Dec-2015 00:00:00,0.83455757850907
08-Dec-2015 00:00:00,0.872570458444323
09-Dec-2015 00:00:00,0.920946658501084
10-Dec-2015 00:00:00,0.840858667947631
11-Dec-2015 00:00:00,0.846499772026781
12-Dec-2015 00:00:00,0.874374257638197
13-Dec-2015 00:00:00,0.834438809836773
14-Dec-2015 00:00:00,0.828008044303589
15-Dec-2015 00:00:00,0.830668888301356
16-Dec-2015 00:00:00,0.854072730712281
17-Dec-2015 00:00:00,0.970033770402955
18-Dec-2015 00:00:00,0.837086183936192
19-Dec-2015 00:00:00,0.869496216085811
20-Dec-2015 00:00:00,0.822910330126165
21-Dec-2015 00:00:00,0.878593025379718
22-Dec-2015 00:00:00,0.813028149873551
23-Dec-2015 00:00:00,0.945704586415436
24-Dec-2015 00:00:00,0.925564112227737
25-Dec-2015 00:00:00,0.921191312226962
26-Dec-2015 00:00:00,0.820591409541403
27-Dec-2015 00:00:00,0.785163727281316
28-Dec-2015 00:00:00,0.777520638013341
29-Dec-2015 00:00:00,0.946569845114146
30-Dec-2015 00:00:00,0.902522746852465
31-Dec-2015 00:00:00,0.898403357149216
01-Jan-2016 00:00:00,0.91674755335165
02-Jan-2016 00:00:00,0.91947414161602
03-Jan-2016 00:00:00,0.968418537272105
04-Jan-2016 00:00:00,0.910703023482247
05-Jan-2016 00:00:00,0.85078688152072
06-Jan-2016 00:00:00,0.879569211989472
07-Jan-2016 00:00:00,0.913757436919148
08-Jan-2016 00:00:00,0.928926791275661
09-Jan-2016 00:00:00,0.928324256057401
10-Jan-2016 00:00:00,0.759947576585286
11-Jan-2016 00:00:00,0.891878828467328
12-Jan-2016 00:00:00,0.873742042357803
13-Jan-2016 00:00:00,0.800550428135992
14-Jan-2016 00:00:00,NaN
15-Jan-2016 00:00:00,NaN
16-Jan-2016 00:00:00,0.826411072512513
17-Jan-2016 00:00:00,0.839650613422686
18-Jan-2016 00:00:00,0.874228564852906
19-Jan-2016 00:00:00,0.837140299663131
20-Jan-2016 00:00:00,0.826797912493818
21-Jan-2016 00:00:00,0.759805991075961
22-Jan-2016 00:00:00,0.824666971676542
23-Jan-2016 00:00:00,0.932455659703773
24-Jan-2016 00:00:00,0.882425891895321
25-Jan-2016 00:00:00,0.893461272236287
26-Jan-2016 00:00:00,0.799286380698319
27-Jan-2016 00:00:00,0.761309587164132
28-Jan-2016 00:00:00,0.881216785731939
29-Jan-2016 00:00:00,0.837819788632044
30-Jan-2016 00:00:00,0.814133462566711
31-Jan-2016 00:00:00,0.804173472621695
01-Feb-2016 00:00:00,0.801987249675055
02-Feb-2016 00:00:00,0.858728693700102
03-Feb-2016 00:00:00,0.809036955938086
04-Feb-2016 00:00:00,0.752783001482613
05-Feb-2016 00:00:00,0.771462201682835
06-Feb-2016 00:00:00,0.852798497411766
07-Feb-2016 00:00:00,0.783910902353193
08-Feb-2016 00:00:00,0.797602987251558
09-Feb-2016 00:00:00,0.737289843402633
10-Feb-2016 00:00:00,0.745146881043108
11-Feb-2016 00:00:00,0.894448807199907
12-Feb-2016 00:00:00,0.764762443325621
13-Feb-2016 00:00:00,0.833264466802434
14-Feb-2016 00:00:00,0.857304486723015
15-Feb-2016 00:00:00,0.788558860008756
16-Feb-2016 00:00:00,0.773313479379755
17-Feb-2016 00:00:00,0.767398489286619
18-Feb-2016 00:00:00,0.786760834357331
19-Feb-2016 00:00:00,0.840374774265891
20-Feb-2016 00:00:00,0.815580566600042
21-Feb-2016 00:00:00,0.912398129396836
22-Feb-2016 00:00:00,0.832250039891029
23-Feb-2016 00:00:00,0.923162207920266
24-Feb-2016 00:00:00,0.770178677348725
25-Feb-2016 00:00:00,0.83699932242242
26-Feb-2016 00:00:00,0.830194696601077
27-Feb-2016 00:00:00,0.822697885320771
28-Feb-2016 00:00:00,0.75028330778819
29-Feb-2016 00:00:00,0.814442434754753
01-Mar-2016 00:00:00,0.797374172672092
02-Mar-2016 00:00:00,0.795861208994071
03-Mar-2016 00:00:00,0.808204783403368
04-Mar-2016 00:00:00,0.800686396380298
05-Mar-2016 00:00:00,0.861708415971536
06-Mar-2016 00:00:00,0.913116748943647
07-Mar-2016 00:00:00,0.855918366222003
08-Mar-2016 00:00:00,0.837887899226483
09-Mar-2016 00:00:00,0.835735851880067
10-Mar-2016 00:00:00,0.833456604178461
11-Mar-2016 00:00:00,0.832133028955557
12-Mar-2016 00:00:00,0.829404143783451
13-Mar-2016 00:00:00,0.84036617801596
14-Mar-2016 00:00:00,0.839310852918061
15-Mar-2016 00:00:00,0.832281443024615
16-Mar-2016 00:00:00,0.828585331389035
17-Mar-2016 00:00:00,0.817815486360098
18-Mar-2016 00:00:00,0.819495126569888
19-Mar-2016 00:00:00,0.788124473278525
20-Mar-2016 00:00:00,0.799911445498475
21-Mar-2016 00:00:00,0.823274401817755
22-Mar-2016 00:00:00,0.776320574785736
23-Mar-2016 00:00:00,0.81617237893646
24-Mar-2016 00:00:00,0.828995530953708
25-Mar-2016 00:00:00,NaN
26-Mar-2016 00:00:00,0.749072154644146
27-Mar-2016 00:00:00,0.762106029618309
28-Mar-2016 00:00:00,0.905986712437396
29-Mar-2016 00:00:00,0.803601874333482
30-Mar-2016 00:00:00,0.823963061294783
31-Mar-2016 00:00:00,0.77793986431977
01-Apr-2016 00:00:00,0.724476296619545
02-Apr-2016 00:00:00,0.733572515033949
03-Apr-2016 00:00:00,0.724828021782472
04-Apr-2016 00:00:00,0.758888066743763
05-Apr-2016 00:00:00,0.78457544952503
06-Apr-2016 00:00:00,0.764694793385932
07-Apr-2016 00:00:00,0.708622558788402
08-Apr-2016 00:00:00,0.698653710662835
09-Apr-2016 00:00:00,0.690136091079553
10-Apr-2016 00:00:00,0.733043432791881
11-Apr-2016 00:00:00,0.729252370830436
12-Apr-2016 00:00:00,0.731456526916813
13-Apr-2016 00:00:00,0.732062155278469
14-Apr-2016 00:00:00,0.731961056648736
15-Apr-2016 00:00:00,0.732489739828991
16-Apr-2016 00:00:00,0.76860743000344
17-Apr-2016 00:00:00,0.681871752958214
18-Apr-2016 00:00:00,0.633559417035857
19-Apr-2016 00:00:00,0.431538529457744
20-Apr-2016 00:00:00,0.42873155393139
21-Apr-2016 00:00:00,0.450635857937106
22-Apr-2016 00:00:00,0.488630836729329
23-Apr-2016 00:00:00,0.492955347933105
24-Apr-2016 00:00:00,0.526648941300807
25-Apr-2016 00:00:00,0.603302694476001
26-Apr-2016 00:00:00,0.773695582390513
27-Apr-2016 00:00:00,0.632896153624494
28-Apr-2016 00:00:00,0.561002311773886
29-Apr-2016 00:00:00,0.556956778235552
30-Apr-2016 00:00:00,0.62085351595582
01-May-2016 00:00:00,0.505526484895477
02-May-2016 00:00:00,0.399577895700185
03-May-2016 00:00:00,0.397449942504977
04-May-2016 00:00:00,0.407300838268724
05-May-2016 00:00:00,0.735033147336138
06-May-2016 00:00:00,0.465531351552679
07-May-2016 00:00:00,0.416364991168039
08-May-2016 00:00:00,0.403556766164597
09-May-2016 00:00:00,0.63780587598772
10-May-2016 00:00:00,0.47870888061978
11-May-2016 00:00:00,0.578453156609402
12-May-2016 00:00:00,0.853577917127698
13-May-2016 00:00:00,0.743636378473492
14-May-2016 00:00:00,0.574010656169735
15-May-2016 00:00:00,0.479248434093431
16-May-2016 00:00:00,0.410987373656125
17-May-2016 00:00:00,0.400716745556274
18-May-2016 00:00:00,0.377898374393038
19-May-2016 00:00:00,0.799071040516533
20-May-2016 00:00:00,0.771334477897032
21-May-2016 00:00:00,0.682736804180456
22-May-2016 00:00:00,0.858028297381593
23-May-2016 00:00:00,0.666662007218518
24-May-2016 00:00:00,0.518777287257891
25-May-2016 00:00:00,0.395281085264025
26-May-2016 00:00:00,0.388508116860253
27-May-2016 00:00:00,NaN
28-May-2016 00:00:00,0.752808823761615
29-May-2016 00:00:00,0.907106255504013
30-May-2016 00:00:00,0.800178257611409
31-May-2016 00:00:00,0.653547237935944
01-Jun-2016 00:00:00,0.54901733756268
02-Jun-2016 00:00:00,0.325101948040872
03-Jun-2016 00:00:00,0.345566744104766
04-Jun-2016 00:00:00,0.260609376718186
05-Jun-2016 00:00:00,0.2898574462199
06-Jun-2016 00:00:00,0.262660065648888
07-Jun-2016 00:00:00,0.253826169887569
08-Jun-2016 00:00:00,0.27885648783365
09-Jun-2016 00:00:00,0.289501264476181
10-Jun-2016 00:00:00,0.372541123939497
11-Jun-2016 00:00:00,0.550093980344191
12-Jun-2016 00:00:00,0.657162513566479
13-Jun-2016 00:00:00,0.43350886764784
14-Jun-2016 00:00:00,0.636604765174595
15-Jun-2016 00:00:00,0.792069732334383
16-Jun-2016 00:00:00,0.668077500680757
17-Jun-2016 00:00:00,0.736974581687325
18-Jun-2016 00:00:00,0.507487255576453
19-Jun-2016 00:00:00,0.47697781190622
20-Jun-2016 00:00:00,0.317926813361779
21-Jun-2016 00:00:00,0.342528756081822
22-Jun-2016 00:00:00,0.332638649563933
23-Jun-2016 00:00:00,0.329089942781602
24-Jun-2016 00:00:00,0.323883215671107
25-Jun-2016 00:00:00,0.308451011175253
26-Jun-2016 00:00:00,0.283318914683904
27-Jun-2016 00:00:00,0.297218304971072
28-Jun-2016 00:00:00,0.289650247022581
29-Jun-2016 00:00:00,0.276528884236837
30-Jun-2016 00:00:00,0.278980865566203
01-Jul-2016 00:00:00,0.259017202135103
02-Jul-2016 00:00:00,0.248689196685278
03-Jul-2016 00:00:00,0.257585867086187
04-Jul-2016 00:00:00,0.357472843156073
05-Jul-2016 00:00:00,0.321438031722832
06-Jul-2016 00:00:00,0.336549250586332
07-Jul-2016 00:00:00,0.330475112487779
08-Jul-2016 00:00:00,0.249607821990388
09-Jul-2016 00:00:00,0.274802787038657
10-Jul-2016 00:00:00,0.437952263695884
11-Jul-2016 00:00:00,0.289734550939716
12-Jul-2016 00:00:00,0.27531739051029
13-Jul-2016 00:00:00,0.275194897821626
14-Jul-2016 00:00:00,0.266172060544794
15-Jul-2016 00:00:00,0.260293220596071
16-Jul-2016 00:00:00,0.24770245665023
17-Jul-2016 00:00:00,0.248610574183265
18-Jul-2016 00:00:00,0.226876370763702
19-Jul-2016 00:00:00,0.266626984293377
20-Jul-2016 00:00:00,0.226882467167147
21-Jul-2016 00:00:00,0.229060654430557
22-Jul-2016 00:00:00,0.24324263320115
23-Jul-2016 00:00:00,0.232067007233984
24-Jul-2016 00:00:00,0.24190868094517
25-Jul-2016 00:00:00,0.232940159144922
26-Jul-2016 00:00:00,0.235169134322325
27-Jul-2016 00:00:00,0.240729226203748
28-Jul-2016 00:00:00,0.243456303244673
29-Jul-2016 00:00:00,0.241359208259424
30-Jul-2016 00:00:00,0.238338756280166
31-Jul-2016 00:00:00,0.264942274114646
01-Aug-2016 00:00:00,0.255255784308607
02-Aug-2016 00:00:00,0.263267139900705
03-Aug-2016 00:00:00,0.248215505905194
04-Aug-2016 00:00:00,0.233106027928805
05-Aug-2016 00:00:00,0.25078273186947
06-Aug-2016 00:00:00,0.242430780852578
07-Aug-2016 00:00:00,0.237120252251398
08-Aug-2016 00:00:00,0.251689158562673
09-Aug-2016 00:00:00,0.234762239136167
10-Aug-2016 00:00:00,0.248426150081132
11-Aug-2016 00:00:00,0.242009230997101
12-Aug-2016 00:00:00,0.240345975821232
13-Aug-2016 00:00:00,0.23485883383053
14-Aug-2016 00:00:00,0.231483821937732
15-Aug-2016 00:00:00,0.24745893539219
16-Aug-2016 00:00:00,0.229879569921878
17-Aug-2016 00:00:00,0.238283446546182
18-Aug-2016 00:00:00,0.25069717722169
19-Aug-2016 00:00:00,0.272742691037199
20-Aug-2016 00:00:00,0.257019334564466
21-Aug-2016 00:00:00,0.233284954154172
22-Aug-2016 00:00:00,0.254824411982878
23-Aug-2016 00:00:00,0.225809499930142
24-Aug-2016 00:00:00,0.257064590675497
25-Aug-2016 00:00:00,0.247603328173105
26-Aug-2016 00:00:00,0.26625908817749
27-Aug-2016 00:00:00,0.228251425479667
28-Aug-2016 00:00:00,0.280563525930102
29-Aug-2016 00:00:00,0.225479537360166
30-Aug-2016 00:00:00,0.248878155117273
31-Aug-2016 00:00:00,0.258378981276829
01-Sep-2016 00:00:00,0.267630828524435
02-Sep-2016 00:00:00,0.273020037960425
03-Sep-2016 00:00:00,0.329230490713057
04-Sep-2016 00:00:00,0.386202638403714
05-Sep-2016 00:00:00,0.358751135813979
06-Sep-2016 00:00:00,0.492710368386694
07-Sep-2016 00:00:00,0.360277410932956
08-Sep-2016 00:00:00,0.528011977231215
09-Sep-2016 00:00:00,0.355368782394755
10-Sep-2016 00:00:00,0.248610907969399
11-Sep-2016 00:00:00,NaN
12-Sep-2016 00:00:00,0.781278452429302
13-Sep-2016 00:00:00,0.688414096814954
14-Sep-2016 00:00:00,0.417030659135058
15-Sep-2016 00:00:00,0.26601399014962
16-Sep-2016 00:00:00,0.246100872766789
17-Sep-2016 00:00:00,0.240139982269506
18-Sep-2016 00:00:00,0.642370554537264
19-Sep-2016 00:00:00,0.576140452098104
20-Sep-2016 00:00:00,0.660479864477549
21-Sep-2016 00:00:00,0.674780978311515
22-Sep-2016 00:00:00,0.604336477695892
23-Sep-2016 00:00:00,0.290032121304538
24-Sep-2016 00:00:00,0.619355523841005
25-Sep-2016 00:00:00,0.390078422173486
26-Sep-2016 00:00:00,0.29196672679902
27-Sep-2016 00:00:00,0.310715915688514
28-Sep-2016 00:00:00,0.45236497901833
29-Sep-2016 00:00:00,0.390452395272426
30-Sep-2016 00:00:00,0.319645503833152
01-Oct-2016 00:00:00,0.357951818937753
02-Oct-2016 00:00:00,0.599664576612405
03-Oct-2016 00:00:00,0.635036608556344
04-Oct-2016 00:00:00,0.59844112279511
05-Oct-2016 00:00:00,0.816336731220405
06-Oct-2016 00:00:00,0.790033101906669
07-Oct-2016 00:00:00,0.886821689716909
08-Oct-2016 00:00:00,0.811571435025842
09-Oct-2016 00:00:00,NaN
10-Oct-2016 00:00:00,NaN
11-Oct-2016 00:00:00,0.838701480298045
12-Oct-2016 00:00:00,0.885219466783924
13-Oct-2016 00:00:00,0.644472802491689
14-Oct-2016 00:00:00,0.691963421215926
15-Oct-2016 00:00:00,0.843398588365849
16-Oct-2016 00:00:00,0.854481145149229
17-Oct-2016 00:00:00,0.824239659988005
18-Oct-2016 00:00:00,0.834665624355639
19-Oct-2016 00:00:00,0.827631476394347
20-Oct-2016 00:00:00,0.814617920747999
21-Oct-2016 00:00:00,0.829087041058187
22-Oct-2016 00:00:00,0.832993385846695
23-Oct-2016 00:00:00,0.806345486110997
24-Oct-2016 00:00:00,0.832335090826858
25-Oct-2016 00:00:00,0.871711113919874
26-Oct-2016 00:00:00,0.808653423405761
27-Oct-2016 00:00:00,0.843322908411491
28-Oct-2016 00:00:00,0.84717489379239
29-Oct-2016 00:00:00,0.828677445543377
30-Oct-2016 00:00:00,0.845961477048513
31-Oct-2016 00:00:00,0.819507537831682
01-Nov-2016 00:00:00,0.831513856948973
02-Nov-2016 00:00:00,0.855232706054591
03-Nov-2016 00:00:00,0.791026356066701
04-Nov-2016 00:00:00,0.822667227441152
05-Nov-2016 00:00:00,0.872919552072802
06-Nov-2016 00:00:00,0.942303000637532
07-Nov-2016 00:00:00,0.805966714968919
08-Nov-2016 00:00:00,0.852210869163378
09-Nov-2016 00:00:00,0.681266840073259
10-Nov-2016 00:00:00,0.7180136263195
11-Nov-2016 00:00:00,0.688259408954351
12-Nov-2016 00:00:00,0.741000364936108
13-Nov-2016 00:00:00,0.757644038103261
14-Nov-2016 00:00:00,0.856230446270229
15-Nov-2016 00:00:00,0.859171452284748
16-Nov-2016 00:00:00,0.922600262387843
17-Nov-2016 00:00:00,0.876039013245747
18-Nov-2016 00:00:00,0.815629118193602
19-Nov-2016 00:00:00,0.816908021558132
20-Nov-2016 00:00:00,0.769183262069145
21-Nov-2016 00:00:00,0.847687286115067
22-Nov-2016 00:00:00,0.836998297866385
23-Nov-2016 00:00:00,0.733577108262601
24-Nov-2016 00:00:00,0.74319512219523
25-Nov-2016 00:00:00,0.866047392530823
26-Nov-2016 00:00:00,NaN
27-Nov-2016 00:00:00,0.854548411493114
28-Nov-2016 00:00:00,0.837853637367529
29-Nov-2016 00:00:00,0.932337214347382
30-Nov-2016 00:00:00,0.812623067968778
01-Dec-2016 00:00:00,NaN
02-Dec-2016 00:00:00,NaN
03-Dec-2016 00:00:00,NaN
04-Dec-2016 00:00:00,NaN
05-Dec-2016 00:00:00,NaN
06-Dec-2016 00:00:00,NaN
07-Dec-2016 00:00:00,NaN
08-Dec-2016 00:00:00,NaN
09-Dec-2016 00:00:00,NaN
10-Dec-2016 00:00:00,NaN
11-Dec-2016 00:00:00,NaN
12-Dec-2016 00:00:00,NaN
13-Dec-2016 00:00:00,NaN
14-Dec-2016 00:00:00,NaN
15-Dec-2016 00:00:00,NaN
16-Dec-2016 00:00:00,NaN
17-Dec-2016 00:00:00,NaN
18-Dec-2016 00:00:00,NaN
19-Dec-2016 00:00:00,NaN
20-Dec-2016 00:00:00,NaN
21-Dec-2016 00:00:00,NaN
22-Dec-2016 00:00:00,NaN
23-Dec-2016 00:00:00,NaN
24-Dec-2016 00:00:00,NaN
25-Dec-2016 00:00:00,NaN
26-Dec-2016 00:00:00,NaN
27-Dec-2016 00:00:00,NaN
28-Dec-2016 00:00:00,NaN
29-Dec-2016 00:00:00,NaN
30-Dec-2016 00:00:00,NaN
31-Dec-2016 00:00:00,NaN
01-Jan-2017 00:00:00,NaN
02-Jan-2017 00:00:00,NaN
03-Jan-2017 00:00:00,NaN
04-Jan-2017 00:00:00,NaN
05-Jan-2017 00:00:00,NaN
06-Jan-2017 00:00:00,NaN
07-Jan-2017 00:00:00,NaN
08-Jan-2017 00:00:00,NaN
09-Jan-2017 00:00:00,NaN
10-Jan-2017 00:00:00,NaN
11-Jan-2017 00:00:00,NaN
12-Jan-2017 00:00:00,NaN
13-Jan-2017 00:00:00,NaN
14-Jan-2017 00:00:00,NaN
15-Jan-2017 00:00:00,NaN
16-Jan-2017 00:00:00,NaN
17-Jan-2017 00:00:00,NaN
18-Jan-2017 00:00:00,NaN
19-Jan-2017 00:00:00,NaN
20-Jan-2017 00:00:00,NaN
21-Jan-2017 00:00:00,NaN
22-Jan-2017 00:00:00,NaN
23-Jan-2017 00:00:00,NaN
24-Jan-2017 00:00:00,NaN
25-Jan-2017 00:00:00,NaN
26-Jan-2017 00:00:00,NaN
27-Jan-2017 00:00:00,NaN
28-Jan-2017 00:00:00,NaN
29-Jan-2017 00:00:00,NaN
30-Jan-2017 00:00:00,NaN
31-Jan-2017 00:00:00,NaN
01-Feb-2017 00:00:00,NaN
02-Feb-2017 00:00:00,NaN
03-Feb-2017 00:00:00,NaN
04-Feb-2017 00:00:00,NaN
05-Feb-2017 00:00:00,NaN
06-Feb-2017 00:00:00,NaN
07-Feb-2017 00:00:00,NaN
08-Feb-2017 00:00:00,NaN
09-Feb-2017 00:00:00,NaN
10-Feb-2017 00:00:00,NaN
11-Feb-2017 00:00:00,NaN
12-Feb-2017 00:00:00,NaN
13-Feb-2017 00:00:00,NaN
14-Feb-2017 00:00:00,NaN
15-Feb-2017 00:00:00,NaN
16-Feb-2017 00:00:00,NaN
17-Feb-2017 00:00:00,NaN
18-Feb-2017 00:00:00,NaN
19-Feb-2017 00:00:00,NaN
20-Feb-2017 00:00:00,NaN
21-Feb-2017 00:00:00,NaN
22-Feb-2017 00:00:00,NaN
23-Feb-2017 00:00:00,NaN
24-Feb-2017 00:00:00,NaN
25-Feb-2017 00:00:00,NaN
26-Feb-2017 00:00:00,NaN
27-Feb-2017 00:00:00,NaN
28-Feb-2017 00:00:00,NaN
01-Mar-2017 00:00:00,NaN
02-Mar-2017 00:00:00,NaN
03-Mar-2017 00:00:00,NaN
04-Mar-2017 00:00:00,NaN
05-Mar-2017 00:00:00,NaN
06-Mar-2017 00:00:00,NaN
07-Mar-2017 00:00:00,NaN
08-Mar-2017 00:00:00,NaN
09-Mar-2017 00:00:00,NaN
10-Mar-2017 00:00:00,NaN
11-Mar-2017 00:00:00,NaN
12-Mar-2017 00:00:00,NaN
13-Mar-2017 00:00:00,NaN
14-Mar-2017 00:00:00,NaN
15-Mar-2017 00:00:00,NaN
16-Mar-2017 00:00:00,NaN
17-Mar-2017 00:00:00,NaN
18-Mar-2017 00:00:00,NaN
19-Mar-2017 00:00:00,NaN
20-Mar-2017 00:00:00,NaN
21-Mar-2017 00:00:00,NaN
22-Mar-2017 00:00:00,NaN
23-Mar-2017 00:00:00,NaN
24-Mar-2017 00:00:00,NaN
25-Mar-2017 00:00:00,NaN
26-Mar-2017 00:00:00,NaN
27-Mar-2017 00:00:00,NaN
28-Mar-2017 00:00:00,NaN
29-Mar-2017 00:00:00,NaN
30-Mar-2017 00:00:00,NaN
31-Mar-2017 00:00:00,NaN
01-Apr-2017 00:00:00,NaN
02-Apr-2017 00:00:00,NaN
03-Apr-2017 00:00:00,NaN
04-Apr-2017 00:00:00,NaN
05-Apr-2017 00:00:00,NaN
06-Apr-2017 00:00:00,NaN
07-Apr-2017 00:00:00,NaN
08-Apr-2017 00:00:00,NaN
09-Apr-2017 00:00:00,NaN
10-Apr-2017 00:00:00,NaN
11-Apr-2017 00:00:00,NaN
12-Apr-2017 00:00:00,NaN
13-Apr-2017 00:00:00,NaN
14-Apr-2017 00:00:00,NaN
15-Apr-2017 00:00:00,NaN
16-Apr-2017 00:00:00,NaN
17-Apr-2017 00:00:00,NaN
18-Apr-2017 00:00:00,NaN
19-Apr-2017 00:00:00,NaN
20-Apr-2017 00:00:00,NaN
21-Apr-2017 00:00:00,NaN
22-Apr-2017 00:00:00,NaN
23-Apr-2017 00:00:00,NaN
24-Apr-2017 00:00:00,NaN
25-Apr-2017 00:00:00,NaN
26-Apr-2017 00:00:00,NaN
27-Apr-2017 00:00:00,NaN
28-Apr-2017 00:00:00,NaN
29-Apr-2017 00:00:00,NaN
30-Apr-2017 00:00:00,NaN
01-May-2017 00:00:00,NaN
02-May-2017 00:00:00,NaN
03-May-2017 00:00:00,NaN
04-May-2017 00:00:00,NaN
05-May-2017 00:00:00,NaN
06-May-2017 00:00:00,NaN
07-May-2017 00:00:00,NaN
08-May-2017 00:00:00,NaN
09-May-2017 00:00:00,NaN
10-May-2017 00:00:00,NaN
11-May-2017 00:00:00,NaN
12-May-2017 00:00:00,NaN
13-May-2017 00:00:00,NaN
14-May-2017 00:00:00,NaN
15-May-2017 00:00:00,NaN
16-May-2017 00:00:00,NaN
17-May-2017 00:00:00,NaN
18-May-2017 00:00:00,NaN
19-May-2017 00:00:00,NaN
20-May-2017 00:00:00,NaN
21-May-2017 00:00:00,NaN
22-May-2017 00:00:00,NaN
23-May-2017 00:00:00,NaN
24-May-2017 00:00:00,NaN
25-May-2017 00:00:00,NaN
26-May-2017 00:00:00,NaN
27-May-2017 00:00:00,NaN
28-May-2017 00:00:00,NaN
29-May-2017 00:00:00,NaN
30-May-2017 00:00:00,NaN
31-May-2017 00:00:00,NaN
01-Jun-2017 00:00:00,NaN
02-Jun-2017 00:00:00,NaN
03-Jun-2017 00:00:00,NaN
04-Jun-2017 00:00:00,NaN
05-Jun-2017 00:00:00,NaN
06-Jun-2017 00:00:00,NaN
07-Jun-2017 00:00:00,NaN
08-Jun-2017 00:00:00,NaN
09-Jun-2017 00:00:00,NaN
10-Jun-2017 00:00:00,NaN
11-Jun-2017 00:00:00,NaN
12-Jun-2017 00:00:00,NaN
13-Jun-2017 00:00:00,0.364791113457719
14-Jun-2017 00:00:00,0.33686053932065
15-Jun-2017 00:00:00,0.356941227516798
16-Jun-2017 00:00:00,0.309289844044972
17-Jun-2017 00:00:00,0.350718028287657
18-Jun-2017 00:00:00,0.368483713753492
19-Jun-2017 00:00:00,0.312589051022058
20-Jun-2017 00:00:00,0.248017112256186
21-Jun-2017 00:00:00,0.669399240970356
22-Jun-2017 00:00:00,0.567170978578383
23-Jun-2017 00:00:00,0.340979404357129
24-Jun-2017 00:00:00,0.319206322205511
25-Jun-2017 00:00:00,0.294772211580693
26-Jun-2017 00:00:00,0.246896457401654
27-Jun-2017 00:00:00,0.295434425277896
28-Jun-2017 00:00:00,0.298641084169147
29-Jun-2017 00:00:00,0.292912948892765
30-Jun-2017 00:00:00,0.268963368003369
01-Jul-2017 00:00:00,0.301645447723435
02-Jul-2017 00:00:00,0.248965204374699
03-Jul-2017 00:00:00,0.254627685114928
04-Jul-2017 00:00:00,0.266152851147011
05-Jul-2017 00:00:00,0.270801727410625
06-Jul-2017 00:00:00,0.267901775370134
07-Jul-2017 00:00:00,0.259873996889484
08-Jul-2017 00:00:00,0.251082725420987
09-Jul-2017 00:00:00,0.251840665820424
10-Jul-2017 00:00:00,0.266014434271654
11-Jul-2017 00:00:00,0.24221041515683
12-Jul-2017 00:00:00,0.250456531165088
13-Jul-2017 00:00:00,0.245666927508891
14-Jul-2017 00:00:00,0.257963088945572
15-Jul-2017 00:00:00,0.252999354772653
16-Jul-2017 00:00:00,0.318685076531208
17-Jul-2017 00:00:00,0.342089561514316
18-Jul-2017 00:00:00,0.271054957135823
19-Jul-2017 00:00:00,0.246064250773959
20-Jul-2017 00:00:00,0.245139003600878
21-Jul-2017 00:00:00,0.239817958139238
22-Jul-2017 00:00:00,0.22648893190224
23-Jul-2017 00:00:00,0.241209024006043
24-Jul-2017 00:00:00,0.291316148887623
25-Jul-2017 00:00:00,0.305783026787979
26-Jul-2017 00:00:00,0.266504097945929
27-Jul-2017 00:00:00,0.259193748012757
28-Jul-2017 00:00:00,0.261946586024923
29-Jul-2017 00:00:00,0.25712567940043
30-Jul-2017 00:00:00,0.251013056425126
31-Jul-2017 00:00:00,0.22617585156086
01-Aug-2017 00:00:00,0.264984222746468
02-Aug-2017 00:00:00,0.28792755044119
03-Aug-2017 00:00:00,0.261765138332879
04-Aug-2017 00:00:00,0.247595775241939
05-Aug-2017 00:00:00,0.268637573534019
06-Aug-2017 00:00:00,0.267110743947937
07-Aug-2017 00:00:00,0.243170530626693
08-Aug-2017 00:00:00,0.244738785545981
09-Aug-2017 00:00:00,0.245555419987936
10-Aug-2017 00:00:00,0.238199549672018
11-Aug-2017 00:00:00,0.234961150025345
12-Aug-2017 00:00:00,0.212106095589944
13-Aug-2017 00:00:00,0.269108280939146
14-Aug-2017 00:00:00,0.242117039013378
15-Aug-2017 00:00:00,0.258460600976058
16-Aug-2017 00:00:00,0.235901821927729
17-Aug-2017 00:00:00,0.199482533939367
18-Aug-2017 00:00:00,0.227459505350005
19-Aug-2017 00:00:00,0.24540194696471
20-Aug-2017 00:00:00,0.253271480167493
21-Aug-2017 00:00:00,0.24365895191038
22-Aug-2017 00:00:00,0.238538601036803
23-Aug-2017 00:00:00,0.224386177969884
24-Aug-2017 00:00:00,0.223491578042954
25-Aug-2017 00:00:00,0.279567692312374
26-Aug-2017 00:00:00,NaN
27-Aug-2017 00:00:00,NaN
28-Aug-2017 00:00:00,NaN
29-Aug-2017 00:00:00,NaN
30-Aug-2017 00:00:00,NaN
31-Aug-2017 00:00:00,NaN
01-Sep-2017 00:00:00,NaN
02-Sep-2017 00:00:00,NaN
03-Sep-2017 00:00:00,NaN
04-Sep-2017 00:00:00,NaN
05-Sep-2017 00:00:00,NaN
06-Sep-2017 00:00:00,NaN
07-Sep-2017 00:00:00,NaN
08-Sep-2017 00:00:00,NaN
09-Sep-2017 00:00:00,NaN
10-Sep-2017 00:00:00,NaN
11-Sep-2017 00:00:00,NaN
12-Sep-2017 00:00:00,NaN
13-Sep-2017 00:00:00,NaN
14-Sep-2017 00:00:00,NaN
15-Sep-2017 00:00:00,NaN
16-Sep-2017 00:00:00,NaN
17-Sep-2017 00:00:00,NaN
18-Sep-2017 00:00:00,NaN
19-Sep-2017 00:00:00,NaN
20-Sep-2017 00:00:00,NaN
21-Sep-2017 00:00:00,NaN
22-Sep-2017 00:00:00,NaN
23-Sep-2017 00:00:00,NaN
24-Sep-2017 00:00:00,0.664568617450893
25-Sep-2017 00:00:00,0.546508403630956
26-Sep-2017 00:00:00,0.390102663155412
27-Sep-2017 00:00:00,0.412453162320161
28-Sep-2017 00:00:00,0.469389335172503
29-Sep-2017 00:00:00,0.316594407831799
30-Sep-2017 00:00:00,0.261027108838003
01-Oct-2017 00:00:00,0.787656315310019
02-Oct-2017 00:00:00,0.752518194035913
03-Oct-2017 00:00:00,0.802812170612469
04-Oct-2017 00:00:00,0.750449724121093
05-Oct-2017 00:00:00,0.656575982378768
06-Oct-2017 00:00:00,0.354464691567203
07-Oct-2017 00:00:00,0.5059627703381
08-Oct-2017 00:00:00,0.769456408082509
09-Oct-2017 00:00:00,0.499373903723414
10-Oct-2017 00:00:00,0.578316105558122
11-Oct-2017 00:00:00,0.855903345918598
12-Oct-2017 00:00:00,0.807633087339238
13-Oct-2017 00:00:00,0.82085250194695
14-Oct-2017 00:00:00,0.554308586818434
15-Oct-2017 00:00:00,0.439668390068467
16-Oct-2017 00:00:00,0.53341628319294
17-Oct-2017 00:00:00,0.871393738367802
18-Oct-2017 00:00:00,0.794797088098768
19-Oct-2017 00:00:00,0.875020192157194
20-Oct-2017 00:00:00,0.915674126538934
21-Oct-2017 00:00:00,0.850217296704156
22-Oct-2017 00:00:00,0.864874673301859
23-Oct-2017 00:00:00,0.861049434610218
24-Oct-2017 00:00:00,0.82363219037941
25-Oct-2017 00:00:00,0.826200626390929
26-Oct-2017 00:00:00,0.811734427295009
27-Oct-2017 00:00:00,0.819535958619725
28-Oct-2017 00:00:00,0.757047747061472
29-Oct-2017 00:00:00,0.722827684149117
30-Oct-2017 00:00:00,0.73033021099904
31-Oct-2017 00:00:00,0.775211478717163
01-Nov-2017 00:00:00,0.826386064811574
02-Nov-2017 00:00:00,0.819383169454021
03-Nov-2017 00:00:00,0.839377083952772
04-Nov-2017 00:00:00,NaN
05-Nov-2017 00:00:00,0.968570006644759
06-Nov-2017 00:00:00,NaN
07-Nov-2017 00:00:00,0.826328951661128
08-Nov-2017 00:00:00,NaN
09-Nov-2017 00:00:00,0.773891127336314
10-Nov-2017 00:00:00,0.797458576950833
11-Nov-2017 00:00:00,0.808707424506698
12-Nov-2017 00:00:00,0.810488981903713
13-Nov-2017 00:00:00,0.906739899225521
14-Nov-2017 00:00:00,0.814257382255229
15-Nov-2017 00:00:00,0.812205054938868
16-Nov-2017 00:00:00,0.80963267260642
17-Nov-2017 00:00:00,0.826979133579124
18-Nov-2017 00:00:00,0.809384218338014
19-Nov-2017 00:00:00,0.827716583176328
20-Nov-2017 00:00:00,0.932890404853069
21-Nov-2017 00:00:00,0.804142636277934
22-Nov-2017 00:00:00,0.926748729226102
23-Nov-2017 00:00:00,0.926595144543523
24-Nov-2017 00:00:00,0.840697360323863
25-Nov-2017 00:00:00,0.848239905527
26-Nov-2017 00:00:00,0.894845678082081
27-Nov-2017 00:00:00,0.858666242644382
28-Nov-2017 00:00:00,0.857494166566027
29-Nov-2017 00:00:00,0.838011445118681
30-Nov-2017 00:00:00,0.859688844917218
01-Dec-2017 00:00:00,0.827053375987149
02-Dec-2017 00:00:00,0.932604160042898
03-Dec-2017 00:00:00,0.936048090340963
04-Dec-2017 00:00:00,0.842675361271219
05-Dec-2017 00:00:00,0.943956023305467
06-Dec-2017 00:00:00,0.87970251066202
07-Dec-2017 00:00:00,0.898877226841995
08-Dec-2017 00:00:00,0.972239597387765
09-Dec-2017 00:00:00,0.955728473465898
10-Dec-2017 00:00:00,0.890575211580135
11-Dec-2017 00:00:00,0.907266756480361
12-Dec-2017 00:00:00,0.815903055911129
13-Dec-2017 00:00:00,0.976256658314733
14-Dec-2017 00:00:00,0.856092151563122
15-Dec-2017 00:00:00,0.812802860003856
16-Dec-2017 00:00:00,0.890371006095261
17-Dec-2017 00:00:00,0.800739375206663
18-Dec-2017 00:00:00,0.838131069005392
19-Dec-2017 00:00:00,0.821792890502025
20-Dec-2017 00:00:00,0.934990323875098
21-Dec-2017 00:00:00,0.826863284897861
22-Dec-2017 00:00:00,NaN
23-Dec-2017 00:00:00,NaN
24-Dec-2017 00:00:00,0.947631957018094
25-Dec-2017 00:00:00,0.945296703142326
26-Dec-2017 00:00:00,0.798117339492661
27-Dec-2017 00:00:00,0.800212293675448
28-Dec-2017 00:00:00,0.800633094027973
29-Dec-2017 00:00:00,NaN
30-Dec-2017 00:00:00,NaN
31-Dec-2017 00:00:00,NaN
01-Jan-2018 00:00:00,0.866517574667102
02-Jan-2018 00:00:00,0.968555001314748
03-Jan-2018 00:00:00,0.96922889510674
04-Jan-2018 00:00:00,0.864804672949892
05-Jan-2018 00:00:00,0.825870490105152
06-Jan-2018 00:00:00,0.835733166559741
07-Jan-2018 00:00:00,0.813241228406752
08-Jan-2018 00:00:00,0.804343304272523
09-Jan-2018 00:00:00,0.857525144239236
10-Jan-2018 00:00:00,NaN
11-Jan-2018 00:00:00,0.973216015507283
12-Jan-2018 00:00:00,0.832703766012193
13-Jan-2018 00:00:00,0.816738492385138
14-Jan-2018 00:00:00,0.947014431424814
15-Jan-2018 00:00:00,0.948102302782947
16-Jan-2018 00:00:00,0.925825128186532
17-Jan-2018 00:00:00,0.807628068023164
18-Jan-2018 00:00:00,0.868518628257669
19-Jan-2018 00:00:00,0.893034738239579
20-Jan-2018 00:00:00,0.840842945853319
21-Jan-2018 00:00:00,0.831167132079438
22-Jan-2018 00:00:00,0.848006455039936
23-Jan-2018 00:00:00,0.833524873069915
24-Jan-2018 00:00:00,0.853686055695518
25-Jan-2018 00:00:00,0.864099991482473
26-Jan-2018 00:00:00,0.847512244455309
27-Jan-2018 00:00:00,0.851752545049676
28-Jan-2018 00:00:00,0.855486408628718
29-Jan-2018 00:00:00,0.861760150626503
30-Jan-2018 00:00:00,0.866658222832819
31-Jan-2018 00:00:00,0.843993969532806
01-Feb-2018 00:00:00,0.837624699468514
02-Feb-2018 00:00:00,0.845118568765497
03-Feb-2018 00:00:00,0.877180912733985
04-Feb-2018 00:00:00,0.890321518446117
05-Feb-2018 00:00:00,NaN
06-Feb-2018 00:00:00,NaN
07-Feb-2018 00:00:00,0.852095274092559
08-Feb-2018 00:00:00,NaN
09-Feb-2018 00:00:00,NaN
10-Feb-2018 00:00:00,0.844834271747522
11-Feb-2018 00:00:00,0.887775455290873
12-Feb-2018 00:00:00,0.887963002872603
13-Feb-2018 00:00:00,0.827672941699204
14-Feb-2018 00:00:00,0.841731215012488
15-Feb-2018 00:00:00,0.8884722657932
16-Feb-2018 00:00:00,0.823192919559844
17-Feb-2018 00:00:00,0.862974202693584
18-Feb-2018 00:00:00,0.837252382913549
19-Feb-2018 00:00:00,0.876163930072798
20-Feb-2018 00:00:00,0.811998963052807
21-Feb-2018 00:00:00,0.803071926512986
22-Feb-2018 00:00:00,0.845129459553748
23-Feb-2018 00:00:00,0.80822158452082
24-Feb-2018 00:00:00,0.812220526840611
25-Feb-2018 00:00:00,0.816906284426946
26-Feb-2018 00:00:00,0.843181802657244
27-Feb-2018 00:00:00,0.79579445998163
28-Feb-2018 00:00:00,0.815451267284134
01-Mar-2018 00:00:00,0.798883738373712
02-Mar-2018 00:00:00,NaN
03-Mar-2018 00:00:00,NaN
04-Mar-2018 00:00:00,NaN
05-Mar-2018 00:00:00,0.846822497762972
06-Mar-2018 00:00:00,0.814140746050587
07-Mar-2018 00:00:00,0.833553000349029
08-Mar-2018 00:00:00,0.811995684054904
09-Mar-2018 00:00:00,0.858114782925126
10-Mar-2018 00:00:00,0.86330469663227
11-Mar-2018 00:00:00,0.876864032381051
12-Mar-2018 00:00:00,0.881802065908751
13-Mar-2018 00:00:00,0.877477065870454
14-Mar-2018 00:00:00,0.837228875614444
15-Mar-2018 00:00:00,0.900553578632995
16-Mar-2018 00:00:00,0.856243690802634
17-Mar-2018 00:00:00,0.885885627220004
18-Mar-2018 00:00:00,0.872760792824396
19-Mar-2018 00:00:00,0.863105534519793
20-Mar-2018 00:00:00,0.825985780348646
21-Mar-2018 00:00:00,0.825558998064954
22-Mar-2018 00:00:00,0.854440132116888
23-Mar-2018 00:00:00,0.841183329300604
24-Mar-2018 00:00:00,0.873481735669315
25-Mar-2018 00:00:00,0.840878889080665
26-Mar-2018 00:00:00,0.843488835389202
27-Mar-2018 00:00:00,0.85263921296704
28-Mar-2018 00:00:00,0.818124730165356
29-Mar-2018 00:00:00,0.817766545758888
30-Mar-2018 00:00:00,0.920280724659157
31-Mar-2018 00:00:00,0.778613084726671
01-Apr-2018 00:00:00,0.83240289016242
02-Apr-2018 00:00:00,0.820575660317588
03-Apr-2018 00:00:00,0.81717819940813
04-Apr-2018 00:00:00,0.823688799956418
05-Apr-2018 00:00:00,0.808469570284298
06-Apr-2018 00:00:00,NaN
07-Apr-2018 00:00:00,0.835770234514254
08-Apr-2018 00:00:00,0.84413030321969
09-Apr-2018 00:00:00,0.824683142172011
10-Apr-2018 00:00:00,0.831688560789658
11-Apr-2018 00:00:00,0.821467561354238
12-Apr-2018 00:00:00,0.821799664357333
13-Apr-2018 00:00:00,0.821386276010802
14-Apr-2018 00:00:00,0.867559170508471
15-Apr-2018 00:00:00,NaN
16-Apr-2018 00:00:00,0.894359953667979
17-Apr-2018 00:00:00,0.870517337741496
18-Apr-2018 00:00:00,0.861896959597348
19-Apr-2018 00:00:00,0.86548854319995
20-Apr-2018 00:00:00,0.845600173080383
21-Apr-2018 00:00:00,0.850010218163516
22-Apr-2018 00:00:00,0.832483990673858
23-Apr-2018 00:00:00,0.842146198880976
24-Apr-2018 00:00:00,0.809150170114534
25-Apr-2018 00:00:00,0.810687696242427
26-Apr-2018 00:00:00,0.790997761002229
27-Apr-2018 00:00:00,0.766688172469474
28-Apr-2018 00:00:00,0.760039414276047
29-Apr-2018 00:00:00,0.894601142167982
30-Apr-2018 00:00:00,0.800733976590659
01-May-2018 00:00:00,0.819942024359836
02-May-2018 00:00:00,0.757627209913182
03-May-2018 00:00:00,0.728948906649242
04-May-2018 00:00:00,0.743496135147811
05-May-2018 00:00:00,0.72026625205489
06-May-2018 00:00:00,0.713172858610861
07-May-2018 00:00:00,0.71162320811134
08-May-2018 00:00:00,0.703701653686058
09-May-2018 00:00:00,0.721768498612874
10-May-2018 00:00:00,0.681748707803198
11-May-2018 00:00:00,0.678370476438213
12-May-2018 00:00:00,0.670299700084432
13-May-2018 00:00:00,0.654217189593594
14-May-2018 00:00:00,0.629514755756074
15-May-2018 00:00:00,0.523132138103686
16-May-2018 00:00:00,0.525949645152818
17-May-2018 00:00:00,0.498008542222132
18-May-2018 00:00:00,0.466713447213964
19-May-2018 00:00:00,0.462938215227934
20-May-2018 00:00:00,0.337220876153927
21-May-2018 00:00:00,0.342448236915208
22-May-2018 00:00:00,0.31609018782188
23-May-2018 00:00:00,0.29568313636459
24-May-2018 00:00:00,0.321256709066446
25-May-2018 00:00:00,0.263838436143779
26-May-2018 00:00:00,0.273071317812616
27-May-2018 00:00:00,0.290264272465352
28-May-2018 00:00:00,0.245200072453608
29-May-2018 00:00:00,0.335052088651832
30-May-2018 00:00:00,0.806046698737064
31-May-2018 00:00:00,0.663414242436148
01-Jun-2018 00:00:00,0.601339339027391
02-Jun-2018 00:00:00,0.63549078872492
03-Jun-2018 00:00:00,0.327657016789653
04-Jun-2018 00:00:00,0.502498602696769
05-Jun-2018 00:00:00,0.637510640510809
06-Jun-2018 00:00:00,0.562669372040051
07-Jun-2018 00:00:00,0.254123405059477
08-Jun-2018 00:00:00,0.253865855919438
09-Jun-2018 00:00:00,0.25232010051865
10-Jun-2018 00:00:00,NaN
11-Jun-2018 00:00:00,0.800906967682757
12-Jun-2018 00:00:00,0.669233270388243
13-Jun-2018 00:00:00,0.663334526209164
14-Jun-2018 00:00:00,0.406808355598056
15-Jun-2018 00:00:00,0.295868871065068
16-Jun-2018 00:00:00,0.328752492192213
17-Jun-2018 00:00:00,0.230656173672852
18-Jun-2018 00:00:00,0.218560344139079
19-Jun-2018 00:00:00,0.214895777462848
20-Jun-2018 00:00:00,0.203136533438914
21-Jun-2018 00:00:00,0.216929199271989
22-Jun-2018 00:00:00,0.244568868245175
23-Jun-2018 00:00:00,0.216941974877427
24-Jun-2018 00:00:00,0.203897150565153
25-Jun-2018 00:00:00,0.225623678648217
26-Jun-2018 00:00:00,0.38974860992923
27-Jun-2018 00:00:00,0.308493176299826
28-Jun-2018 00:00:00,0.268583686463042
29-Jun-2018 00:00:00,0.275614176272328
30-Jun-2018 00:00:00,0.241091040284368
01-Jul-2018 00:00:00,0.228316154440134
02-Jul-2018 00:00:00,0.314952934427719
03-Jul-2018 00:00:00,0.317135977310703
04-Jul-2018 00:00:00,0.239724248420791
05-Jul-2018 00:00:00,0.19243641330579
06-Jul-2018 00:00:00,0.19802360992994
07-Jul-2018 00:00:00,0.207490939591744
08-Jul-2018 00:00:00,0.201119450080591
09-Jul-2018 00:00:00,0.199631627658792
10-Jul-2018 00:00:00,0.227122680147555
11-Jul-2018 00:00:00,0.194656361879891
12-Jul-2018 00:00:00,0.208637584820735
13-Jul-2018 00:00:00,0.190399620257703
14-Jul-2018 00:00:00,0.255012493609333
15-Jul-2018 00:00:00,0.218513180501889
16-Jul-2018 00:00:00,0.190594345854556
17-Jul-2018 00:00:00,0.192272016799855
18-Jul-2018 00:00:00,0.193969599830389
19-Jul-2018 00:00:00,0.202493091765483
20-Jul-2018 00:00:00,0.290075448891105
21-Jul-2018 00:00:00,0.27120586779432
22-Jul-2018 00:00:00,0.276197975339196
23-Jul-2018 00:00:00,0.20484836493753
24-Jul-2018 00:00:00,0.200570882559271
25-Jul-2018 00:00:00,0.201718764804596
26-Jul-2018 00:00:00,0.199821013834549
27-Jul-2018 00:00:00,0.200994280199077
28-Jul-2018 00:00:00,0.189703167161697
29-Jul-2018 00:00:00,0.181521625621374
30-Jul-2018 00:00:00,0.174689559841995
31-Jul-2018 00:00:00,0.180878592252121
01-Aug-2018 00:00:00,0.172134518120335
02-Aug-2018 00:00:00,0.175775651921235
03-Aug-2018 00:00:00,0.209238110430654
04-Aug-2018 00:00:00,0.207215853896949
05-Aug-2018 00:00:00,0.186656532400932
06-Aug-2018 00:00:00,0.175282666205848
07-Aug-2018 00:00:00,0.169429960826596
08-Aug-2018 00:00:00,0.185098048506413
09-Aug-2018 00:00:00,0.164611097280359
10-Aug-2018 00:00:00,0.163901467926196
11-Aug-2018 00:00:00,0.182532539647911
12-Aug-2018 00:00:00,0.217995547244729
13-Aug-2018 00:00:00,0.188912375593094
14-Aug-2018 00:00:00,0.187724964106392
15-Aug-2018 00:00:00,0.170734335174066
16-Aug-2018 00:00:00,0.170014709603311
17-Aug-2018 00:00:00,0.170952905551985
18-Aug-2018 00:00:00,0.154659365303408
19-Aug-2018 00:00:00,0.20333968245292
20-Aug-2018 00:00:00,0.207478246869482
21-Aug-2018 00:00:00,0.238995165162281
22-Aug-2018 00:00:00,0.213570171266439
23-Aug-2018 00:00:00,0.178956024997578
24-Aug-2018 00:00:00,0.234828207079229
25-Aug-2018 00:00:00,0.201888720920851
26-Aug-2018 00:00:00,0.217740452256683
27-Aug-2018 00:00:00,0.264057252073469
28-Aug-2018 00:00:00,0.227461089546069
29-Aug-2018 00:00:00,0.185953863391927
30-Aug-2018 00:00:00,0.224009228453004
31-Aug-2018 00:00:00,0.232611001971641
01-Sep-2018 00:00:00,0.654419155524128
02-Sep-2018 00:00:00,0.345522960142437
03-Sep-2018 00:00:00,0.815628679939177
04-Sep-2018 00:00:00,0.424078223880085
05-Sep-2018 00:00:00,0.293195541407618
06-Sep-2018 00:00:00,0.208756207086643
07-Sep-2018 00:00:00,0.186445286315528
08-Sep-2018 00:00:00,0.209575434584163
09-Sep-2018 00:00:00,0.220387807017822
10-Sep-2018 00:00:00,0.212964834168448
11-Sep-2018 00:00:00,0.236314035801277
12-Sep-2018 00:00:00,0.626638773046996
13-Sep-2018 00:00:00,NaN
14-Sep-2018 00:00:00,0.816982636639236
15-Sep-2018 00:00:00,0.893059929694766
16-Sep-2018 00:00:00,NaN
17-Sep-2018 00:00:00,0.781613411760407
18-Sep-2018 00:00:00,0.783274824720599
19-Sep-2018 00:00:00,0.72308948751501
20-Sep-2018 00:00:00,0.824012470022958
21-Sep-2018 00:00:00,0.98825937658676
22-Sep-2018 00:00:00,0.93459486689126
23-Sep-2018 00:00:00,0.792608906376189
24-Sep-2018 00:00:00,0.825085915979597
25-Sep-2018 00:00:00,0.80665858456986
26-Sep-2018 00:00:00,0.803609894703198
27-Sep-2018 00:00:00,0.850239893018329
28-Sep-2018 00:00:00,0.832741627489048
29-Sep-2018 00:00:00,0.800405892834839
30-Sep-2018 00:00:00,0.767709240735485
01-Oct-2018 00:00:00,0.912764743050467
02-Oct-2018 00:00:00,NaN
03-Oct-2018 00:00:00,NaN
04-Oct-2018 00:00:00,0.880910740051462
05-Oct-2018 00:00:00,0.815677822651422
06-Oct-2018 00:00:00,0.957708946956364
07-Oct-2018 00:00:00,0.795435995300263
08-Oct-2018 00:00:00,0.866029745158979
09-Oct-2018 00:00:00,0.843358991115115
10-Oct-2018 00:00:00,0.910104869315232
11-Oct-2018 00:00:00,0.819165841698389
12-Oct-2018 00:00:00,0.84760225733874
13-Oct-2018 00:00:00,0.81696261298114
14-Oct-2018 00:00:00,0.822359647574202
15-Oct-2018 00:00:00,0.861440324549038
16-Oct-2018 00:00:00,0.962163192034162
17-Oct-2018 00:00:00,0.882340525050839
18-Oct-2018 00:00:00,0.784644284148787
19-Oct-2018 00:00:00,0.756685348365903
20-Oct-2018 00:00:00,0.932959276478259
21-Oct-2018 00:00:00,0.937836657944786
22-Oct-2018 00:00:00,0.945707157217954
23-Oct-2018 00:00:00,0.950299188665786
24-Oct-2018 00:00:00,0.806873333282486
25-Oct-2018 00:00:00,0.800823210578879
26-Oct-2018 00:00:00,0.810571423715545
27-Oct-2018 00:00:00,0.833482760768306
28-Oct-2018 00:00:00,0.81187996482505
29-Oct-2018 00:00:00,0.846921458798725
30-Oct-2018 00:00:00,0.814436209834171
31-Oct-2018 00:00:00,0.793806280965439
01-Nov-2018 00:00:00,0.796874676710327
02-Nov-2018 00:00:00,0.829073009053524
03-Nov-2018 00:00:00,0.815064113362372
04-Nov-2018 00:00:00,0.845566465775959
05-Nov-2018 00:00:00,0.872508748665775
06-Nov-2018 00:00:00,NaN
07-Nov-2018 00:00:00,NaN
08-Nov-2018 00:00:00,NaN
09-Nov-2018 00:00:00,0.815543925960582
10-Nov-2018 00:00:00,0.888022518230972
11-Nov-2018 00:00:00,0.834829026570055
12-Nov-2018 00:00:00,0.79218456105389
13-Nov-2018 00:00:00,0.89933816746505
14-Nov-2018 00:00:00,0.802804655041725
15-Nov-2018 00:00:00,0.835924290845522
16-Nov-2018 00:00:00,0.911338948465132
17-Nov-2018 00:00:00,0.945081601071073
18-Nov-2018 00:00:00,0.812206902692417
19-Nov-2018 00:00:00,0.861024427895632
20-Nov-2018 00:00:00,0.813997726791191
21-Nov-2018 00:00:00,0.841655332790763
22-Nov-2018 00:00:00,0.848710200952518
23-Nov-2018 00:00:00,0.846729902402986
24-Nov-2018 00:00:00,0.968615800388173
25-Nov-2018 00:00:00,0.787267384861577
26-Nov-2018 00:00:00,0.789665151952879
27-Nov-2018 00:00:00,0.807134151975135
28-Nov-2018 00:00:00,0.863146097932265
29-Nov-2018 00:00:00,0.967643508892031
30-Nov-2018 00:00:00,0.85506542154165
01-Dec-2018 00:00:00,0.770851158284919
02-Dec-2018 00:00:00,0.858087354218175
03-Dec-2018 00:00:00,0.897529457059747
04-Dec-2018 00:00:00,0.863925420876474
05-Dec-2018 00:00:00,0.900452288736803
06-Dec-2018 00:00:00,0.955157737796817
07-Dec-2018 00:00:00,0.814815945188783
08-Dec-2018 00:00:00,0.972731993526303
09-Dec-2018 00:00:00,0.812798793664012
10-Dec-2018 00:00:00,0.835798668107825
11-Dec-2018 00:00:00,0.810954034442932
12-Dec-2018 00:00:00,0.854066852789236
13-Dec-2018 00:00:00,0.87936051808716
14-Dec-2018 00:00:00,0.853160252887144
15-Dec-2018 00:00:00,0.87360879459769
16-Dec-2018 00:00:00,0.826612936488751
17-Dec-2018 00:00:00,0.86865570145839
18-Dec-2018 00:00:00,0.870612435954691
19-Dec-2018 00:00:00,0.865298399746009
20-Dec-2018 00:00:00,0.874358106214684
21-Dec-2018 00:00:00,0.847202877768967
22-Dec-2018 00:00:00,0.961344031841827
23-Dec-2018 00:00:00,0.857336670188908
24-Dec-2018 00:00:00,0.830657576673767
25-Dec-2018 00:00:00,0.85654823555614
26-Dec-2018 00:00:00,0.819979187568041
27-Dec-2018 00:00:00,0.832274153090603
28-Dec-2018 00:00:00,0.871476554605459
29-Dec-2018 00:00:00,0.883329750525717
30-Dec-2018 00:00:00,0.836726858022387
31-Dec-2018 00:00:00,0.933677748204763
01-Jan-2019 00:00:00,0.853529224478887
02-Jan-2019 00:00:00,0.831041289167294
03-Jan-2019 00:00:00,0.86502271116243
04-Jan-2019 00:00:00,0.85920172636541
05-Jan-2019 00:00:00,0.866151557083981
06-Jan-2019 00:00:00,0.84179836295062
07-Jan-2019 00:00:00,0.851086198035203
08-Jan-2019 00:00:00,0.818824841324471
09-Jan-2019 00:00:00,0.871109168589024
10-Jan-2019 00:00:00,0.849983636454417
11-Jan-2019 00:00:00,0.838901542644333
12-Jan-2019 00:00:00,0.865683310009099
13-Jan-2019 00:00:00,0.907280106514817
14-Jan-2019 00:00:00,0.997773195070841
15-Jan-2019 00:00:00,0.963556636285095
16-Jan-2019 00:00:00,0.948554492863858
17-Jan-2019 00:00:00,0.856064377834132
18-Jan-2019 00:00:00,0.806039842314024
19-Jan-2019 00:00:00,0.844647802029454
20-Jan-2019 00:00:00,0.982045054264584
21-Jan-2019 00:00:00,0.811626426197894
22-Jan-2019 00:00:00,0.808923626101095
23-Jan-2019 00:00:00,0.805944934238237
24-Jan-2019 00:00:00,0.926401207216053
25-Jan-2019 00:00:00,0.810024032630602
26-Jan-2019 00:00:00,0.86585765787361
27-Jan-2019 00:00:00,0.817116598893856
28-Jan-2019 00:00:00,0.888439459616335
29-Jan-2019 00:00:00,0.921271184529926
30-Jan-2019 00:00:00,0.82023948893871
31-Jan-2019 00:00:00,0.815104417900571
01-Feb-2019 00:00:00,0.839907652279861
02-Feb-2019 00:00:00,0.900552300062758
03-Feb-2019 00:00:00,NaN
04-Feb-2019 00:00:00,NaN
05-Feb-2019 00:00:00,NaN
06-Feb-2019 00:00:00,NaN
07-Feb-2019 00:00:00,0.950584230623385
08-Feb-2019 00:00:00,NaN
09-Feb-2019 00:00:00,NaN
10-Feb-2019 00:00:00,NaN
11-Feb-2019 00:00:00,NaN
12-Feb-2019 00:00:00,NaN
13-Feb-2019 00:00:00,0.86337706632342
14-Feb-2019 00:00:00,0.926546092731295
15-Feb-2019 00:00:00,0.820770686917675
16-Feb-2019 00:00:00,NaN
17-Feb-2019 00:00:00,NaN
18-Feb-2019 00:00:00,NaN
19-Feb-2019 00:00:00,NaN
20-Feb-2019 00:00:00,NaN
21-Feb-2019 00:00:00,NaN
22-Feb-2019 00:00:00,0.798895167922926
23-Feb-2019 00:00:00,0.861036941334414
24-Feb-2019 00:00:00,0.958724458342825
25-Feb-2019 00:00:00,0.940048492658092
26-Feb-2019 00:00:00,0.979726616838696
27-Feb-2019 00:00:00,0.903503090711525
28-Feb-2019 00:00:00,0.897431303550998
01-Mar-2019 00:00:00,0.819360195147627
02-Mar-2019 00:00:00,0.853379539168443
03-Mar-2019 00:00:00,0.869633111990404
04-Mar-2019 00:00:00,0.881239613618113
05-Mar-2019 00:00:00,0.880542741706896
06-Mar-2019 00:00:00,0.804845086228098
07-Mar-2019 00:00:00,0.794401117823181
08-Mar-2019 00:00:00,0.816404118438731
09-Mar-2019 00:00:00,0.815254695887321
10-Mar-2019 00:00:00,0.836538888402656
11-Mar-2019 00:00:00,0.812632833722459
12-Mar-2019 00:00:00,0.817094249026322
13-Mar-2019 00:00:00,0.846228119719155
14-Mar-2019 00:00:00,0.782603016394871
15-Mar-2019 00:00:00,0.78265950112537
16-Mar-2019 00:00:00,0.775862765302741
17-Mar-2019 00:00:00,0.817654416485984
18-Mar-2019 00:00:00,0.796202746969269
19-Mar-2019 00:00:00,0.788939134628279
20-Mar-2019 00:00:00,0.801060696350975
21-Mar-2019 00:00:00,0.787190898868719
22-Mar-2019 00:00:00,0.783519837909697
23-Mar-2019 00:00:00,0.757735039262421
24-Mar-2019 00:00:00,0.760034297787564
25-Mar-2019 00:00:00,0.780361122504343
26-Mar-2019 00:00:00,0.787186697251173
27-Mar-2019 00:00:00,NaN
28-Mar-2019 00:00:00,0.815128435671542
29-Mar-2019 00:00:00,0.800258150479529
30-Mar-2019 00:00:00,0.806268472399656
31-Mar-2019 00:00:00,0.816877286789493
01-Apr-2019 00:00:00,0.820591749055724
02-Apr-2019 00:00:00,0.81715237653282
03-Apr-2019 00:00:00,0.797325204178022
04-Apr-2019 00:00:00,0.808784628036214
05-Apr-2019 00:00:00,0.800958555977194
06-Apr-2019 00:00:00,0.802570901567248
07-Apr-2019 00:00:00,0.803379627746292
08-Apr-2019 00:00:00,0.790601369158929
09-Apr-2019 00:00:00,0.792727209904917
10-Apr-2019 00:00:00,0.80715975002029
11-Apr-2019 00:00:00,0.848174208531373
12-Apr-2019 00:00:00,0.824920047660259
13-Apr-2019 00:00:00,0.801892927805682
14-Apr-2019 00:00:00,0.789462843520214
15-Apr-2019 00:00:00,0.78162252068648
16-Apr-2019 00:00:00,0.777002329658061
17-Apr-2019 00:00:00,0.830609234587412
18-Apr-2019 00:00:00,0.776495103694809
19-Apr-2019 00:00:00,0.915604187947085
20-Apr-2019 00:00:00,0.838534292764305
21-Apr-2019 00:00:00,0.80947780152333
22-Apr-2019 00:00:00,0.79882424579422
23-Apr-2019 00:00:00,0.850254532891825
24-Apr-2019 00:00:00,0.788236918975046
25-Apr-2019 00:00:00,0.779956532448969
26-Apr-2019 00:00:00,0.777509595986007
27-Apr-2019 00:00:00,0.868894955743304
28-Apr-2019 00:00:00,0.806726092097346
29-Apr-2019 00:00:00,0.820449757762081
30-Apr-2019 00:00:00,0.838177083717837
01-May-2019 00:00:00,0.81157757024652
02-May-2019 00:00:00,0.812585398091969
03-May-2019 00:00:00,0.791019223671914
04-May-2019 00:00:00,0.787170832055158
05-May-2019 00:00:00,0.81964451063641
06-May-2019 00:00:00,0.780683622710336
07-May-2019 00:00:00,0.830720957474549
08-May-2019 00:00:00,0.754713339327076
09-May-2019 00:00:00,0.710486474946886
10-May-2019 00:00:00,0.714255389413477
11-May-2019 00:00:00,0.704009861148824
12-May-2019 00:00:00,0.695889012467287
13-May-2019 00:00:00,0.69648100793265
14-May-2019 00:00:00,0.717559589203008
15-May-2019 00:00:00,0.77204849892875
16-May-2019 00:00:00,0.712503270722201
17-May-2019 00:00:00,0.682732032736206
18-May-2019 00:00:00,0.766019858302711
19-May-2019 00:00:00,0.714510244725487
20-May-2019 00:00:00,0.689348226400647
21-May-2019 00:00:00,0.678947144472086
22-May-2019 00:00:00,0.685363880203016
23-May-2019 00:00:00,0.661447397019324
24-May-2019 00:00:00,0.713373613721347
25-May-2019 00:00:00,0.666857789296539
26-May-2019 00:00:00,0.621484298342192
27-May-2019 00:00:00,0.588033150542119
28-May-2019 00:00:00,0.545564853316615
29-May-2019 00:00:00,0.490586484676085
30-May-2019 00:00:00,0.410231229986196
31-May-2019 00:00:00,0.285139471134899
01-Jun-2019 00:00:00,0.221976012729391
02-Jun-2019 00:00:00,0.188631684206489
03-Jun-2019 00:00:00,0.191854217346357
04-Jun-2019 00:00:00,0.28329811398587
05-Jun-2019 00:00:00,0.63146503484959
06-Jun-2019 00:00:00,0.487299924026344
07-Jun-2019 00:00:00,0.874501394055305
08-Jun-2019 00:00:00,0.771925647031268
09-Jun-2019 00:00:00,0.594241524475018
10-Jun-2019 00:00:00,0.26114937636556
11-Jun-2019 00:00:00,0.211060303422331
12-Jun-2019 00:00:00,0.184331566468107
13-Jun-2019 00:00:00,0.172844829414089
14-Jun-2019 00:00:00,0.267088129252284
15-Jun-2019 00:00:00,0.223275916321266
16-Jun-2019 00:00:00,0.200339877604493
17-Jun-2019 00:00:00,0.190522252369394
18-Jun-2019 00:00:00,0.185321565366609
19-Jun-2019 00:00:00,0.912161301572579
20-Jun-2019 00:00:00,0.890052295296214
21-Jun-2019 00:00:00,0.85764918864833
22-Jun-2019 00:00:00,0.677723735357218
23-Jun-2019 00:00:00,0.828897133341702
24-Jun-2019 00:00:00,0.536041619703409
25-Jun-2019 00:00:00,0.391944184160548
26-Jun-2019 00:00:00,0.288434632326226
27-Jun-2019 00:00:00,0.26757763156135
28-Jun-2019 00:00:00,0.229067066745631
29-Jun-2019 00:00:00,0.233049109183546
30-Jun-2019 00:00:00,0.252933129816521
01-Jul-2019 00:00:00,0.18630158663555
02-Jul-2019 00:00:00,0.243841791355318
03-Jul-2019 00:00:00,0.252931926637009
04-Jul-2019 00:00:00,0.250910740906337
05-Jul-2019 00:00:00,0.367272400605412
06-Jul-2019 00:00:00,0.208129301315067
07-Jul-2019 00:00:00,0.1817653247355
08-Jul-2019 00:00:00,0.177919608026417
09-Jul-2019 00:00:00,0.150394423115801
10-Jul-2019 00:00:00,0.185025257325913
11-Jul-2019 00:00:00,0.17701486385795
12-Jul-2019 00:00:00,0.172929185115713
13-Jul-2019 00:00:00,0.172468194740273
14-Jul-2019 00:00:00,0.184354258512625
15-Jul-2019 00:00:00,0.171280319517299
16-Jul-2019 00:00:00,0.191669337534679
17-Jul-2019 00:00:00,0.199002681516706
18-Jul-2019 00:00:00,0.194616872572252
19-Jul-2019 00:00:00,0.272937972631748
20-Jul-2019 00:00:00,0.210134516198381
21-Jul-2019 00:00:00,0.179906867817395
22-Jul-2019 00:00:00,0.165720446254513
23-Jul-2019 00:00:00,0.16790783772481
24-Jul-2019 00:00:00,0.207844745206528
25-Jul-2019 00:00:00,0.168121015214563
26-Jul-2019 00:00:00,0.167674745176767
27-Jul-2019 00:00:00,0.226660620335956
28-Jul-2019 00:00:00,0.19396274912167
29-Jul-2019 00:00:00,0.19414162913299
30-Jul-2019 00:00:00,0.211396800685623
31-Jul-2019 00:00:00,0.194311314147094
01-Aug-2019 00:00:00,0.197261200241095
02-Aug-2019 00:00:00,0.190790637262766
03-Aug-2019 00:00:00,0.193212083988633
04-Aug-2019 00:00:00,0.199372160566755
05-Aug-2019 00:00:00,0.205870800355526
06-Aug-2019 00:00:00,0.194553417036908
07-Aug-2019 00:00:00,0.185062099547865
08-Aug-2019 00:00:00,0.178409174632423
09-Aug-2019 00:00:00,0.182009876384702
10-Aug-2019 00:00:00,0.195644774710583
11-Aug-2019 00:00:00,0.207681773342977
12-Aug-2019 00:00:00,0.218991763674265
13-Aug-2019 00:00:00,0.196347393263133
14-Aug-2019 00:00:00,0.203380836642363
15-Aug-2019 00:00:00,0.197443002178244
16-Aug-2019 00:00:00,0.208085051937828
17-Aug-2019 00:00:00,0.234938196785049
18-Aug-2019 00:00:00,0.182639858915426
19-Aug-2019 00:00:00,0.18652930318199
20-Aug-2019 00:00:00,0.181157907991344
21-Aug-2019 00:00:00,0.172793886139961
22-Aug-2019 00:00:00,0.177458137717645
23-Aug-2019 00:00:00,0.211599886349114
24-Aug-2019 00:00:00,0.190870691396867
25-Aug-2019 00:00:00,0.221779670664057
26-Aug-2019 00:00:00,0.245279129002797
27-Aug-2019 00:00:00,0.258568489012332
28-Aug-2019 00:00:00,0.189766357205874
29-Aug-2019 00:00:00,0.231790962381184
30-Aug-2019 00:00:00,0.218630387782391
31-Aug-2019 00:00:00,0.221569659830231
01-Sep-2019 00:00:00,0.212682391370052
02-Sep-2019 00:00:00,0.223054558026263
03-Sep-2019 00:00:00,0.21642155423244
04-Sep-2019 00:00:00,0.214721464868361
05-Sep-2019 00:00:00,0.199761323238137
06-Sep-2019 00:00:00,0.211893245656497
07-Sep-2019 00:00:00,0.20223166418102
08-Sep-2019 00:00:00,0.224445018089187
09-Sep-2019 00:00:00,0.229928260949125
10-Sep-2019 00:00:00,0.235593977641611
11-Sep-2019 00:00:00,0.25472973357413
12-Sep-2019 00:00:00,0.212623153695706
13-Sep-2019 00:00:00,0.213902530478108
14-Sep-2019 00:00:00,0.206301228536822
15-Sep-2019 00:00:00,0.237475946293776
16-Sep-2019 00:00:00,0.232345018663274
17-Sep-2019 00:00:00,0.307389007108299
18-Sep-2019 00:00:00,0.449638193541588
19-Sep-2019 00:00:00,0.391845741235618
20-Sep-2019 00:00:00,0.280529711583161
21-Sep-2019 00:00:00,0.321006175515249
22-Sep-2019 00:00:00,0.237753097291366
23-Sep-2019 00:00:00,0.308414663202095
24-Sep-2019 00:00:00,0.704173112556803
25-Sep-2019 00:00:00,NaN
26-Sep-2019 00:00:00,NaN
27-Sep-2019 00:00:00,NaN
28-Sep-2019 00:00:00,NaN
29-Sep-2019 00:00:00,NaN
30-Sep-2019 00:00:00,NaN
01-Oct-2019 00:00:00,NaN
02-Oct-2019 00:00:00,NaN
03-Oct-2019 00:00:00,NaN
04-Oct-2019 00:00:00,NaN
05-Oct-2019 00:00:00,NaN
06-Oct-2019 00:00:00,NaN
07-Oct-2019 00:00:00,NaN
08-Oct-2019 00:00:00,NaN
09-Oct-2019 00:00:00,NaN
10-Oct-2019 00:00:00,NaN
11-Oct-2019 00:00:00,NaN
12-Oct-2019 00:00:00,NaN
13-Oct-2019 00:00:00,NaN
14-Oct-2019 00:00:00,NaN
15-Oct-2019 00:00:00,NaN
16-Oct-2019 00:00:00,NaN
17-Oct-2019 00:00:00,NaN
18-Oct-2019 00:00:00,NaN
19-Oct-2019 00:00:00,NaN
20-Oct-2019 00:00:00,NaN
21-Oct-2019 00:00:00,NaN
22-Oct-2019 00:00:00,NaN
23-Oct-2019 00:00:00,NaN
24-Oct-2019 00:00:00,NaN
25-Oct-2019 00:00:00,NaN
26-Oct-2019 00:00:00,NaN
27-Oct-2019 00:00:00,NaN
28-Oct-2019 00:00:00,NaN
29-Oct-2019 00:00:00,NaN
30-Oct-2019 00:00:00,NaN
31-Oct-2019 00:00:00,NaN
01-Nov-2019 00:00:00,NaN
02-Nov-2019 00:00:00,NaN
03-Nov-2019 00:00:00,NaN
04-Nov-2019 00:00:00,NaN
05-Nov-2019 00:00:00,NaN
06-Nov-2019 00:00:00,NaN
07-Nov-2019 00:00:00,NaN
08-Nov-2019 00:00:00,NaN
09-Nov-2019 00:00:00,NaN
10-Nov-2019 00:00:00,NaN
11-Nov-2019 00:00:00,NaN
12-Nov-2019 00:00:00,NaN
13-Nov-2019 00:00:00,NaN
14-Nov-2019 00:00:00,NaN
15-Nov-2019 00:00:00,NaN
16-Nov-2019 00:00:00,NaN
17-Nov-2019 00:00:00,NaN
18-Nov-2019 00:00:00,NaN
19-Nov-2019 00:00:00,NaN
20-Nov-2019 00:00:00,NaN
21-Nov-2019 00:00:00,NaN
22-Nov-2019 00:00:00,NaN
23-Nov-2019 00:00:00,NaN
24-Nov-2019 00:00:00,NaN
25-Nov-2019 00:00:00,NaN
26-Nov-2019 00:00:00,0.764217395985691
27-Nov-2019 00:00:00,0.886521639851457
28-Nov-2019 00:00:00,0.882839345054368
29-Nov-2019 00:00:00,0.902436093450859
30-Nov-2019 00:00:00,0.906037025344718
01-Dec-2019 00:00:00,0.882973663899134
02-Dec-2019 00:00:00,0.643299848864384
03-Dec-2019 00:00:00,0.668121913507503
04-Dec-2019 00:00:00,0.834413285303144
05-Dec-2019 00:00:00,0.846956729630614
06-Dec-2019 00:00:00,0.789114522014091
07-Dec-2019 00:00:00,0.831230818371063
08-Dec-2019 00:00:00,NaN
09-Dec-2019 00:00:00,NaN
10-Dec-2019 00:00:00,NaN
11-Dec-2019 00:00:00,0.860319986392792
12-Dec-2019 00:00:00,0.805049931413001
13-Dec-2019 00:00:00,0.81235471512462
14-Dec-2019 00:00:00,0.832663404870048
15-Dec-2019 00:00:00,0.863839805574301
16-Dec-2019 00:00:00,0.755757779531331
17-Dec-2019 00:00:00,0.697457867094468
18-Dec-2019 00:00:00,0.68174073430565
19-Dec-2019 00:00:00,0.708341163182027
20-Dec-2019 00:00:00,0.778306961617477
21-Dec-2019 00:00:00,0.882390381505426
22-Dec-2019 00:00:00,0.928863700324888
23-Dec-2019 00:00:00,0.944777164879778
24-Dec-2019 00:00:00,0.966500189121445
25-Dec-2019 00:00:00,0.947413182432829
26-Dec-2019 00:00:00,0.939025207691651
27-Dec-2019 00:00:00,0.788496776106532
28-Dec-2019 00:00:00,0.803349828480016
29-Dec-2019 00:00:00,0.888057613604627
30-Dec-2019 00:00:00,0.791791452001584
31-Dec-2019 00:00:00,0.726289299547364
01-Jan-2020 00:00:00,0.824137773997406
02-Jan-2020 00:00:00,0.806658293864667
03-Jan-2020 00:00:00,0.769746794981226
04-Jan-2020 00:00:00,0.821260795313344
05-Jan-2020 00:00:00,0.802694149004896
06-Jan-2020 00:00:00,0.82405176227223
07-Jan-2020 00:00:00,0.816440111699123
08-Jan-2020 00:00:00,0.868111284197724
09-Jan-2020 00:00:00,0.871490659214556
10-Jan-2020 00:00:00,0.8152787027337
11-Jan-2020 00:00:00,0.775357343604228
12-Jan-2020 00:00:00,0.859354508026097
13-Jan-2020 00:00:00,NaN
14-Jan-2020 00:00:00,NaN
15-Jan-2020 00:00:00,0.808925635022138
16-Jan-2020 00:00:00,NaN
17-Jan-2020 00:00:00,0.901090878290709
18-Jan-2020 00:00:00,0.810493557640648
19-Jan-2020 00:00:00,0.748197727033403
20-Jan-2020 00:00:00,0.781439548384963
21-Jan-2020 00:00:00,0.750683364678229
22-Jan-2020 00:00:00,0.824999589649884
23-Jan-2020 00:00:00,0.733883130012674
24-Jan-2020 00:00:00,0.817771500823725
25-Jan-2020 00:00:00,0.861250810942054
26-Jan-2020 00:00:00,0.796255244160896
27-Jan-2020 00:00:00,0.772971378011135
28-Jan-2020 00:00:00,0.747302314811572
29-Jan-2020 00:00:00,0.716660869095723
30-Jan-2020 00:00:00,0.736479824572038
31-Jan-2020 00:00:00,0.723499092947911
01-Feb-2020 00:00:00,0.883293555213573
02-Feb-2020 00:00:00,0.807019227478414
03-Feb-2020 00:00:00,0.913455816528612
04-Feb-2020 00:00:00,0.824531372807549
05-Feb-2020 00:00:00,0.816315901418894
06-Feb-2020 00:00:00,0.837335862059406
07-Feb-2020 00:00:00,0.92010550595057
08-Feb-2020 00:00:00,0.998177515323493
09-Feb-2020 00:00:00,0.78917247410537
10-Feb-2020 00:00:00,0.922682513082167
11-Feb-2020 00:00:00,0.781479721643199
12-Feb-2020 00:00:00,0.858905116808478
13-Feb-2020 00:00:00,0.778017020507176
14-Feb-2020 00:00:00,0.760816577597857
15-Feb-2020 00:00:00,0.769977751962131
16-Feb-2020 00:00:00,0.755345763576844
17-Feb-2020 00:00:00,0.768094368904737
18-Feb-2020 00:00:00,0.8694597041639
19-Feb-2020 00:00:00,0.86318695759915
20-Feb-2020 00:00:00,0.8380140870259
21-Feb-2020 00:00:00,0.761636108713775
22-Feb-2020 00:00:00,0.756426879006555
23-Feb-2020 00:00:00,0.694513473460015
24-Feb-2020 00:00:00,NaN
25-Feb-2020 00:00:00,0.727896417802495
26-Feb-2020 00:00:00,0.730944626564761
27-Feb-2020 00:00:00,0.710359276114041
28-Feb-2020 00:00:00,0.790833870393089
29-Feb-2020 00:00:00,0.83138621698342
01-Mar-2020 00:00:00,0.825647610758559
02-Mar-2020 00:00:00,0.669789812446578
03-Mar-2020 00:00:00,0.727053328709985
04-Mar-2020 00:00:00,0.824882957612698
05-Mar-2020 00:00:00,0.796800320839082
06-Mar-2020 00:00:00,0.828502149068163
07-Mar-2020 00:00:00,NaN
08-Mar-2020 00:00:00,0.834237199422452
09-Mar-2020 00:00:00,0.800719821583048
10-Mar-2020 00:00:00,0.801090891532143
11-Mar-2020 00:00:00,0.790159339384269
12-Mar-2020 00:00:00,0.772250709521444
13-Mar-2020 00:00:00,0.806283930557595
14-Mar-2020 00:00:00,0.780903354434062
15-Mar-2020 00:00:00,0.820263779355292
16-Mar-2020 00:00:00,0.818516950675246
17-Mar-2020 00:00:00,0.749902293285296
18-Mar-2020 00:00:00,0.8458829394861
19-Mar-2020 00:00:00,0.757838118823719
20-Mar-2020 00:00:00,0.794438859636226
21-Mar-2020 00:00:00,0.774214676151432
22-Mar-2020 00:00:00,0.743658219811612
23-Mar-2020 00:00:00,0.798646949491418
24-Mar-2020 00:00:00,NaN
25-Mar-2020 00:00:00,0.749790576314205
26-Mar-2020 00:00:00,0.795625360550381
27-Mar-2020 00:00:00,0.787399839007802
28-Mar-2020 00:00:00,0.79336601329649
29-Mar-2020 00:00:00,0.818729073741472
30-Mar-2020 00:00:00,0.834024418422331
31-Mar-2020 00:00:00,NaN
01-Apr-2020 00:00:00,NaN
02-Apr-2020 00:00:00,NaN
03-Apr-2020 00:00:00,0.807231086471199
04-Apr-2020 00:00:00,0.752105112533212
05-Apr-2020 00:00:00,0.796227485756292
06-Apr-2020 00:00:00,0.788870521136824
07-Apr-2020 00:00:00,0.790512657909231
08-Apr-2020 00:00:00,0.77482470422617
09-Apr-2020 00:00:00,0.78565812330515
10-Apr-2020 00:00:00,0.737325577635971
11-Apr-2020 00:00:00,0.811317918647087
12-Apr-2020 00:00:00,0.759635713021809
13-Apr-2020 00:00:00,0.75040033298471
14-Apr-2020 00:00:00,0.816911857375617
15-Apr-2020 00:00:00,0.799876172891001
16-Apr-2020 00:00:00,0.766722723261074
17-Apr-2020 00:00:00,0.835985997447712
18-Apr-2020 00:00:00,0.876269152405195
19-Apr-2020 00:00:00,0.763725205757035
20-Apr-2020 00:00:00,0.752726303785079
21-Apr-2020 00:00:00,0.745808879416307
22-Apr-2020 00:00:00,0.760321856376905
23-Apr-2020 00:00:00,0.775096982196193
24-Apr-2020 00:00:00,0.738018674777606
25-Apr-2020 00:00:00,0.7719732733904
26-Apr-2020 00:00:00,0.810075385683309
27-Apr-2020 00:00:00,0.851717519243482
28-Apr-2020 00:00:00,0.812356109020934
29-Apr-2020 00:00:00,0.770893432916982
30-Apr-2020 00:00:00,0.791596598850819
01-May-2020 00:00:00,0.742341083000757
02-May-2020 00:00:00,0.729530475707831
03-May-2020 00:00:00,0.771318190022877
04-May-2020 00:00:00,0.752230592799917
05-May-2020 00:00:00,0.688755359412249
06-May-2020 00:00:00,0.704530546998363
07-May-2020 00:00:00,0.821295525865887
08-May-2020 00:00:00,0.725043474680513
09-May-2020 00:00:00,0.65929676664677
10-May-2020 00:00:00,0.789149088891207
11-May-2020 00:00:00,0.716085908871577
12-May-2020 00:00:00,0.769223940009694
13-May-2020 00:00:00,0.699849916304699
14-May-2020 00:00:00,0.625089743923686
15-May-2020 00:00:00,0.594690015184929
16-May-2020 00:00:00,0.556982553997642
17-May-2020 00:00:00,0.587418752271345
18-May-2020 00:00:00,0.746543358427729
19-May-2020 00:00:00,0.523259953401905
20-May-2020 00:00:00,0.491775333427323
21-May-2020 00:00:00,0.674938498598592
22-May-2020 00:00:00,0.870090928508966
23-May-2020 00:00:00,0.784180454193699
24-May-2020 00:00:00,0.64912594415418
25-May-2020 00:00:00,0.477053372964543
26-May-2020 00:00:00,0.556532934385049
27-May-2020 00:00:00,0.553169272948197
28-May-2020 00:00:00,0.46275401914738
29-May-2020 00:00:00,0.305439254191879
30-May-2020 00:00:00,0.246743270771013
31-May-2020 00:00:00,0.225261315696186
01-Jun-2020 00:00:00,0.247876776836712
02-Jun-2020 00:00:00,0.336296083075295
03-Jun-2020 00:00:00,0.616016890099435
04-Jun-2020 00:00:00,0.356283372108925
05-Jun-2020 00:00:00,0.297334776830971
06-Jun-2020 00:00:00,0.256802515422495
07-Jun-2020 00:00:00,0.773636804849207
08-Jun-2020 00:00:00,0.554319276192146
09-Jun-2020 00:00:00,0.575351267441983
10-Jun-2020 00:00:00,0.245275112676433
11-Jun-2020 00:00:00,0.215128159790864
12-Jun-2020 00:00:00,0.18520268104986
13-Jun-2020 00:00:00,0.223340239004184
14-Jun-2020 00:00:00,0.219067470106865
15-Jun-2020 00:00:00,0.310818839146752
16-Jun-2020 00:00:00,0.28904667369045
17-Jun-2020 00:00:00,0.260005648882018
18-Jun-2020 00:00:00,0.337936596350506
19-Jun-2020 00:00:00,0.384671280548201
20-Jun-2020 00:00:00,0.209865876771881
21-Jun-2020 00:00:00,0.261631558002949
22-Jun-2020 00:00:00,0.19657576860005
23-Jun-2020 00:00:00,0.199339349729466
24-Jun-2020 00:00:00,0.275418955055436
25-Jun-2020 00:00:00,0.232701263425086
26-Jun-2020 00:00:00,0.224366934607908
27-Jun-2020 00:00:00,0.241255992314356
28-Jun-2020 00:00:00,0.302842491154964
29-Jun-2020 00:00:00,0.240515751527188
30-Jun-2020 00:00:00,0.276123386595488
01-Jul-2020 00:00:00,0.875838862440688
02-Jul-2020 00:00:00,0.405325569719835
03-Jul-2020 00:00:00,0.262420188256677
04-Jul-2020 00:00:00,0.267171792843734
05-Jul-2020 00:00:00,0.268803637905926
06-Jul-2020 00:00:00,0.224078718441129
07-Jul-2020 00:00:00,0.28770440131553
08-Jul-2020 00:00:00,0.23371722626036
09-Jul-2020 00:00:00,0.243748722600461
10-Jul-2020 00:00:00,0.222511713764939
11-Jul-2020 00:00:00,0.19173932546586
12-Jul-2020 00:00:00,0.217413853555666
13-Jul-2020 00:00:00,0.285823962359569
14-Jul-2020 00:00:00,0.216863101952861
15-Jul-2020 00:00:00,0.194609235448659
16-Jul-2020 00:00:00,0.2094055587267
17-Jul-2020 00:00:00,0.197355748880901
18-Jul-2020 00:00:00,0.215330754358714
19-Jul-2020 00:00:00,0.205226191512951
20-Jul-2020 00:00:00,0.200882166000307
21-Jul-2020 00:00:00,0.185027255064783
22-Jul-2020 00:00:00,0.197338962573276
23-Jul-2020 00:00:00,0.241056732124822
24-Jul-2020 00:00:00,0.238435916115277
25-Jul-2020 00:00:00,0.222870176456723
26-Jul-2020 00:00:00,0.210172022628945
27-Jul-2020 00:00:00,0.195772082782408
28-Jul-2020 00:00:00,0.1751665896099
29-Jul-2020 00:00:00,0.178414968054484
30-Jul-2020 00:00:00,0.182674663851442
31-Jul-2020 00:00:00,0.181416150201605
01-Aug-2020 00:00:00,0.187288755266421
02-Aug-2020 00:00:00,0.175885863625566
03-Aug-2020 00:00:00,0.231254137571761
04-Aug-2020 00:00:00,0.173949802533317
05-Aug-2020 00:00:00,0.183212465209589
06-Aug-2020 00:00:00,0.227027332437934
07-Aug-2020 00:00:00,0.207298678188895
08-Aug-2020 00:00:00,0.197032236746884
09-Aug-2020 00:00:00,0.234181640350284
10-Aug-2020 00:00:00,0.181752869434024
11-Aug-2020 00:00:00,0.23379667803304
12-Aug-2020 00:00:00,0.237702859843413
13-Aug-2020 00:00:00,0.230745501034728
14-Aug-2020 00:00:00,0.22287375900391
15-Aug-2020 00:00:00,0.179291069842807
16-Aug-2020 00:00:00,0.171616299434521
17-Aug-2020 00:00:00,0.188484861249139
18-Aug-2020 00:00:00,0.184989399616418
19-Aug-2020 00:00:00,0.186821987377787
20-Aug-2020 00:00:00,0.223139145105924
21-Aug-2020 00:00:00,0.206944790385041
22-Aug-2020 00:00:00,0.216564936062916
23-Aug-2020 00:00:00,0.227191143994089
24-Aug-2020 00:00:00,0.243885349200874
25-Aug-2020 00:00:00,0.210095502495077
26-Aug-2020 00:00:00,0.256237889888314
27-Aug-2020 00:00:00,0.240220437315127
28-Aug-2020 00:00:00,0.23339287434889
29-Aug-2020 00:00:00,0.246602470809008
30-Aug-2020 00:00:00,0.302340102736944
31-Aug-2020 00:00:00,0.304313089895952
01-Sep-2020 00:00:00,0.200367100745136
02-Sep-2020 00:00:00,0.212941681827907
03-Sep-2020 00:00:00,0.238678740378686
04-Sep-2020 00:00:00,0.206295364174453
05-Sep-2020 00:00:00,0.199386000290906
06-Sep-2020 00:00:00,0.207448081331004
07-Sep-2020 00:00:00,0.681271432188679
08-Sep-2020 00:00:00,0.41530366940875
09-Sep-2020 00:00:00,0.24558066580924
10-Sep-2020 00:00:00,0.230038586511416
11-Sep-2020 00:00:00,0.205465451566767
12-Sep-2020 00:00:00,0.217123218099652
13-Sep-2020 00:00:00,0.196826075330344
14-Sep-2020 00:00:00,0.209535076778607
15-Sep-2020 00:00:00,0.221717587203966
16-Sep-2020 00:00:00,0.214154477026056
17-Sep-2020 00:00:00,0.214917107551965
18-Sep-2020 00:00:00,0.23409132852781
